sport,program,homepage,platform_detected,lead_tier,tier_rationale,tpv_min_k,tpv_max_k,region,contact_rank,contact_name,contact_title,contact_email,contact_linkedin,contact_source,outreach_channel,email_subject,outreach_body
Baseball,Canes Baseball,canesbaseball.net,LeagueApps,3,"Entrenched (LeagueApps) — low switching, but high volume",75,600,Southeast,1,Jeff Petty,Founder / President & CEO,info@canesbaseball.net,,canesbaseball.net/canes-baseball-20-years-of-excellence/,email,A note for Canes Baseball on LeagueApps payment costs,"Hi Jeff,

Canes Baseball is one of the top Baseball programs in the country. We work with several LeagueApps clubs to reduce per-transaction payment costs and improve the family payment experience — without replacing LeagueApps for everything it does well.

Happy to share specific numbers in 15 minutes.

Best,
[Your Name]
[Company] | [Phone]"
Baseball,Canes Baseball,canesbaseball.net,LeagueApps,3,"Entrenched (LeagueApps) — low switching, but high volume",75,600,Southeast,2,Dan Gitzen,General Manager,info@canesbaseball.net,,canesbaseball.net/staff/,email,A note for Canes Baseball on LeagueApps payment costs,"Hi Dan,

Canes Baseball is one of the top Baseball programs in the country. We work with several LeagueApps clubs to reduce per-transaction payment costs and improve the family payment experience — without replacing LeagueApps for everything it does well.

Happy to share specific numbers in 15 minutes.

Best,
[Your Name]
[Company] | [Phone]"
Baseball,East Cobb Baseball,eastcobbbaseball.com,SportsEngine,3,"Entrenched (SportsEngine) — low switching, but high volume",75,600,Southeast,1,Guerry Baldwin,Executive Director,guerry@eastcobbbaseball.com,,eastcobbbaseball.com/about/staff/ (20+ year director),email,Payment fees for East Cobb Baseball on SportsEngine — worth a look,"Hi Guerry,

East Cobb Baseball's reputation in Baseball speaks for itself. I'm reaching out because clubs your size on SportsEngine typically absorb 2.9–3.5% on every transaction in processing fees — we've helped similar programs cut that meaningfully while keeping the registration experience families already know.

Would a 15-minute call be worth it to see the numbers?

Best,
[Your Name]
[Company] | [Phone]"
Baseball,East Cobb Baseball,eastcobbbaseball.com,SportsEngine,3,"Entrenched (SportsEngine) — low switching, but high volume",75,600,Southeast,2,Kevin Baldwin,Vice President,kbaldwin@eastcobbbaseball.com,,ZoomInfo / eastcobbbaseball.com,email,Payment fees for East Cobb Baseball on SportsEngine — worth a look,"Hi Kevin,

East Cobb Baseball's reputation in Baseball speaks for itself. I'm reaching out because clubs your size on SportsEngine typically absorb 2.9–3.5% on every transaction in processing fees — we've helped similar programs cut that meaningfully while keeping the registration experience families already know.

Would a 15-minute call be worth it to see the numbers?

Best,
[Your Name]
[Company] | [Phone]"
Baseball,Texas Baseball Ranch,texasbaseballranch.com,Custom (Memberful),1,DIY/Custom/Unknown — highest switching potential,75,600,South,1,Ron Wolforth,Founder / CEO,,linkedin.com/in/ron-wolforth-01951684,texasbaseballranch.com / LinkedIn,linkedin,Quick question about Texas Baseball Ranch's registration setup,Hi Ron — I came across Texas Baseball Ranch while researching elite Baseball programs in South. Quick question: have you explored alternatives to your current payment/registration setup? We work with similar clubs and typically save them time and money without disrupting what's already working. Worth a quick 15-min chat?
Baseball,Texas Baseball Ranch,texasbaseballranch.com,Custom (Memberful),1,DIY/Custom/Unknown — highest switching potential,75,600,South,2,Research Required,Operations Director,info@texasbaseballranch.com,,Visit texasbaseballranch.com/staff,linkedin,Quick question about Texas Baseball Ranch's registration setup,Hi there — I came across Texas Baseball Ranch while researching elite Baseball programs in South. Quick question: have you explored alternatives to your current payment/registration setup? We work with similar clubs and typically save them time and money without disrupting what's already working. Worth a quick 15-min chat?
Baseball,Perfect Game (PGBA),perfectgame.org,Custom In-House,1,DIY/Custom/Unknown — highest switching potential,75,600,Midwest,1,Rob Ponger,CEO,,,Perfect Game press release / PitchBook,linkedin,Quick question about Perfect Game (PGBA)'s registration setup,Hi Rob — I came across Perfect Game (PGBA) while researching elite Baseball programs in Midwest. Quick question: have you explored alternatives to your current payment/registration setup? We work with similar clubs and typically save them time and money without disrupting what's already working. Worth a quick 15-min chat?
Baseball,Perfect Game (PGBA),perfectgame.org,Custom In-House,1,DIY/Custom/Unknown — highest switching potential,75,600,Midwest,2,Jerry Ford,Founder,,,Fox Business / perfectgame.org,linkedin,Quick question about Perfect Game (PGBA)'s registration setup,Hi Jerry — I came across Perfect Game (PGBA) while researching elite Baseball programs in Midwest. Quick question: have you explored alternatives to your current payment/registration setup? We work with similar clubs and typically save them time and money without disrupting what's already working. Worth a quick 15-min chat?
Baseball,Area Codes Baseball,areacodebaseball.com,Stack Sports,3,"Entrenched (Stack Sports) — low switching, but high volume",75,600,National,1,Ronny Torres,Vice President,info@areacodebaseball.com,,areacodebaseball.com / web search,email,Payment optimization question for Area Codes Baseball,"Hi Ronny,

I admire what Area Codes Baseball has built in the Baseball space. I'm reaching out because we've helped similar programs reduce payment processing overhead and improve collection rates — often without changing the registration workflow families already use.

Would 15 minutes make sense to explore?

Best,
[Your Name]
[Company] | [Phone]"
Baseball,Area Codes Baseball,areacodebaseball.com,Stack Sports,3,"Entrenched (Stack Sports) — low switching, but high volume",75,600,National,2,Research Required,Director / President,info@areacodebaseball.com,,areacodebaseball.com/contact,linkedin,Payment optimization question for Area Codes Baseball,Hi there — Area Codes Baseball is one of the top Baseball programs in the country. I work with similar clubs on reducing payment processing costs and improving family payment experience. Would a quick 15-minute conversation make sense?
Baseball,ExtraInnings Baseball,extrainningsbaseball.com,,1,DIY/Custom/Unknown — highest switching potential,75,600,National,1,Research Required,Founder / Director,,,Site may be defunct — research extrainningsbaseball.com,linkedin,Quick question about ExtraInnings Baseball's registration setup,Hi there — I came across ExtraInnings Baseball while researching elite Baseball programs in National. Quick question: have you explored alternatives to your current payment/registration setup? We work with similar clubs and typically save them time and money without disrupting what's already working. Worth a quick 15-min chat?
Baseball,ExtraInnings Baseball,extrainningsbaseball.com,,1,DIY/Custom/Unknown — highest switching potential,75,600,National,2,Research Required,Club Administrator,,,Manual research required,linkedin,Quick question about ExtraInnings Baseball's registration setup,Hi there — I came across ExtraInnings Baseball while researching elite Baseball programs in National. Quick question: have you explored alternatives to your current payment/registration setup? We work with similar clubs and typically save them time and money without disrupting what's already working. Worth a quick 15-min chat?
Baseball,Elite Baseball of Lemont,elitebaseballoflemont.com,,1,DIY/Custom/Unknown — highest switching potential,75,600,Midwest,1,Research Required,Founder / Director,,,elitebaseballoflemont.com — verify domain,linkedin,Quick question about Elite Baseball of Lemont's registration setup,Hi there — I came across Elite Baseball of Lemont while researching elite Baseball programs in Midwest. Quick question: have you explored alternatives to your current payment/registration setup? We work with similar clubs and typically save them time and money without disrupting what's already working. Worth a quick 15-min chat?
Baseball,Elite Baseball of Lemont,elitebaseballoflemont.com,,1,DIY/Custom/Unknown — highest switching potential,75,600,Midwest,2,Research Required,Club Administrator,,,Manual research required,linkedin,Quick question about Elite Baseball of Lemont's registration setup,Hi there — I came across Elite Baseball of Lemont while researching elite Baseball programs in Midwest. Quick question: have you explored alternatives to your current payment/registration setup? We work with similar clubs and typically save them time and money without disrupting what's already working. Worth a quick 15-min chat?
Baseball,Baseball Youth,baseballyouth.com,Custom (Athletx Sports Group),1,DIY/Custom/Unknown — highest switching potential,75,600,Mid-Atlantic,1,Jim Haddaway,CEO / Founder (Athletx Sports Group),info@baseballyouth.com,,baseballyouth.com / Athletx Sports Group,email,Quick question about Baseball Youth's registration setup,"Hi Jim,

I came across Baseball Youth while mapping top Baseball programs in Mid-Atlantic — impressive what you've built. I noticed you're handling registration and payments through a custom setup, which usually means you've outgrown what the off-the-shelf platforms offer.

We work with programs like yours to modernize payment collection — better parent UX, faster reconciliation, lower processing fees — without disrupting what's already working. No platform lock-in, no long-term contracts.

Would 15 minutes this week make sense? Happy to show you what it looks like for a program at Baseball Youth's level.

Best,
[Your Name]
[Company] | [Phone]"
Baseball,Baseball Youth,baseballyouth.com,Custom (Athletx Sports Group),1,DIY/Custom/Unknown — highest switching potential,75,600,Mid-Atlantic,2,Research Required,Director of Operations,,,Visit baseballyouth.com/contact,linkedin,Quick question about Baseball Youth's registration setup,Hi there — I came across Baseball Youth while researching elite Baseball programs in Mid-Atlantic. Quick question: have you explored alternatives to your current payment/registration setup? We work with similar clubs and typically save them time and money without disrupting what's already working. Worth a quick 15-min chat?
Baseball,Diamond Sports,diamondsportsinc.com,,1,DIY/Custom/Unknown — highest switching potential,75,600,National,1,Research Required,Founder / Director,,,diamondsportsinc.com — verify domain,linkedin,Quick question about Diamond Sports's registration setup,Hi there — I came across Diamond Sports while researching elite Baseball programs in National. Quick question: have you explored alternatives to your current payment/registration setup? We work with similar clubs and typically save them time and money without disrupting what's already working. Worth a quick 15-min chat?
Baseball,Diamond Sports,diamondsportsinc.com,,1,DIY/Custom/Unknown — highest switching potential,75,600,National,2,Research Required,Club Administrator,,,Manual research required,linkedin,Quick question about Diamond Sports's registration setup,Hi there — I came across Diamond Sports while researching elite Baseball programs in National. Quick question: have you explored alternatives to your current payment/registration setup? We work with similar clubs and typically save them time and money without disrupting what's already working. Worth a quick 15-min chat?
Baseball,EvoShield Canes (Southeast),canesbaseball.net/southeast,LeagueApps,3,"Entrenched (LeagueApps) — low switching, but high volume",75,600,Southeast,1,Jeff Petty,Founder / President & CEO,info@canesbaseball.net,,canesbaseball.net — SE chapter of Canes network,email,A note for EvoShield Canes (Southeast) on LeagueApps payment costs,"Hi Jeff,

EvoShield Canes (Southeast) is one of the top Baseball programs in the country. We work with several LeagueApps clubs to reduce per-transaction payment costs and improve the family payment experience — without replacing LeagueApps for everything it does well.

Happy to share specific numbers in 15 minutes.

Best,
[Your Name]
[Company] | [Phone]"
Baseball,EvoShield Canes (Southeast),canesbaseball.net/southeast,LeagueApps,3,"Entrenched (LeagueApps) — low switching, but high volume",75,600,Southeast,2,Research Required,Southeast Regional Director,,,Visit canesbaseball.net/southeast,linkedin,A note for EvoShield Canes (Southeast) on LeagueApps payment costs,Hi there — EvoShield Canes (Southeast) is one of the top Baseball programs in the country. I work with similar clubs on reducing payment processing costs and improving family payment experience. Would a quick 15-minute conversation make sense?
Lacrosse,3d Lacrosse,3dlacrosse.com,LeagueApps,3,"Entrenched (LeagueApps) — low switching, but high volume",60,400,National,1,Research Required,Executive Director,info@3dlacrosse.com,,3dlacrosse.com (3STEP Sports family),linkedin,A note for 3d Lacrosse on LeagueApps payment costs,Hi there — 3d Lacrosse is one of the top Lacrosse programs in the country. I work with similar clubs on reducing payment processing costs and improving family payment experience. Would a quick 15-minute conversation make sense?
Lacrosse,3d Lacrosse,3dlacrosse.com,LeagueApps,3,"Entrenched (LeagueApps) — low switching, but high volume",60,400,National,2,Research Required,National Director,,,Visit register.threestep.com,linkedin,A note for 3d Lacrosse on LeagueApps payment costs,Hi there — 3d Lacrosse is one of the top Lacrosse programs in the country. I work with similar clubs on reducing payment processing costs and improving family payment experience. Would a quick 15-minute conversation make sense?
Lacrosse,True Lacrosse,truelacrosse.com,LeagueApps,3,"Entrenched (LeagueApps) — low switching, but high volume",60,400,National,1,Research Required,Executive Director,info@truelacrosse.com,,truelacrosse.com,linkedin,A note for True Lacrosse on LeagueApps payment costs,Hi there — True Lacrosse is one of the top Lacrosse programs in the country. I work with similar clubs on reducing payment processing costs and improving family payment experience. Would a quick 15-minute conversation make sense?
Lacrosse,True Lacrosse,truelacrosse.com,LeagueApps,3,"Entrenched (LeagueApps) — low switching, but high volume",60,400,National,2,Research Required,National Director,,,Visit truelacrosse.leagueapps.com,linkedin,A note for True Lacrosse on LeagueApps payment costs,Hi there — True Lacrosse is one of the top Lacrosse programs in the country. I work with similar clubs on reducing payment processing costs and improving family payment experience. Would a quick 15-minute conversation make sense?
Lacrosse,Predators Lacrosse,predatorslacrosse.com,Unknown / Custom,1,DIY/Custom/Unknown — highest switching potential,60,400,Mid-Atlantic,1,Eric Greenberg,CEO / Founder,info@predatorslacrosse.com,linkedin.com/in/eric-greenberg-a6b833165,LinkedIn / predatorslacrosse.com,email,Quick question about Predators Lacrosse's registration setup,"Hi Eric,

I came across Predators Lacrosse while mapping top Lacrosse programs in Mid-Atlantic — impressive what you've built. I noticed you're handling registration and payments through a custom setup, which usually means you've outgrown what the off-the-shelf platforms offer.

We work with programs like yours to modernize payment collection — better parent UX, faster reconciliation, lower processing fees — without disrupting what's already working. No platform lock-in, no long-term contracts.

Would 15 minutes this week make sense? Happy to show you what it looks like for a program at Predators Lacrosse's level.

Best,
[Your Name]
[Company] | [Phone]"
Lacrosse,Predators Lacrosse,predatorslacrosse.com,Unknown / Custom,1,DIY/Custom/Unknown — highest switching potential,60,400,Mid-Atlantic,2,Alexandra Goldstein,Girls Program Director,,,predatorslacrosse.com staff page,linkedin,Quick question about Predators Lacrosse's registration setup,Hi Alexandra — I came across Predators Lacrosse while researching elite Lacrosse programs in Mid-Atlantic. Quick question: have you explored alternatives to your current payment/registration setup? We work with similar clubs and typically save them time and money without disrupting what's already working. Worth a quick 15-min chat?
Lacrosse,Leading Edge Lacrosse,leadingedgelacrosse.com,LeagueApps,3,"Entrenched (LeagueApps) — low switching, but high volume",60,400,Northeast,1,Marc Moreau,Director,info@leadingedgeelite.com,,LeagueApps case study (leadingedgeelite.com),email,A note for Leading Edge Lacrosse on LeagueApps payment costs,"Hi Marc,

Leading Edge Lacrosse is one of the top Lacrosse programs in the country. We work with several LeagueApps clubs to reduce per-transaction payment costs and improve the family payment experience — without replacing LeagueApps for everything it does well.

Happy to share specific numbers in 15 minutes.

Best,
[Your Name]
[Company] | [Phone]"
Lacrosse,Leading Edge Lacrosse,leadingedgelacrosse.com,LeagueApps,3,"Entrenched (LeagueApps) — low switching, but high volume",60,400,Northeast,2,Research Required,Club Administrator,,,Visit leadingedgeelite.leagueapps.com,linkedin,A note for Leading Edge Lacrosse on LeagueApps payment costs,Hi there — Leading Edge Lacrosse is one of the top Lacrosse programs in the country. I work with similar clubs on reducing payment processing costs and improving family payment experience. Would a quick 15-minute conversation make sense?
Lacrosse,Laxachusetts,laxachusetts.com,SportsEngine,3,"Entrenched (SportsEngine) — low switching, but high volume",60,400,Northeast,1,Research Required,Executive Director,info@laxachusetts.com,,laxachusetts.com (Marshfield MA),linkedin,Payment fees for Laxachusetts on SportsEngine — worth a look,Hi there — Laxachusetts is one of the top Lacrosse programs in the country. I work with similar clubs on reducing payment processing costs and improving family payment experience. Would a quick 15-minute conversation make sense?
Lacrosse,Laxachusetts,laxachusetts.com,SportsEngine,3,"Entrenched (SportsEngine) — low switching, but high volume",60,400,Northeast,2,Research Required,Club Administrator,,,Visit sportsengine.com/org/laxachusetts,linkedin,Payment fees for Laxachusetts on SportsEngine — worth a look,Hi there — Laxachusetts is one of the top Lacrosse programs in the country. I work with similar clubs on reducing payment processing costs and improving family payment experience. Would a quick 15-minute conversation make sense?
Lacrosse,MadLax,madlax.com,SportsEngine,3,"Entrenched (SportsEngine) — low switching, but high volume",60,400,Mid-Atlantic,1,Research Required,Executive Director,info@madlax.com,,madlax.com,linkedin,Payment fees for MadLax on SportsEngine — worth a look,Hi there — MadLax is one of the top Lacrosse programs in the country. I work with similar clubs on reducing payment processing costs and improving family payment experience. Would a quick 15-minute conversation make sense?
Lacrosse,MadLax,madlax.com,SportsEngine,3,"Entrenched (SportsEngine) — low switching, but high volume",60,400,Mid-Atlantic,2,Research Required,Club Administrator,,,Visit sportsengine.com/org/madlax-3478,linkedin,Payment fees for MadLax on SportsEngine — worth a look,Hi there — MadLax is one of the top Lacrosse programs in the country. I work with similar clubs on reducing payment processing costs and improving family payment experience. Would a quick 15-minute conversation make sense?
Lacrosse,Chesapeake Bayhawks Youth,bayhawksyouth.com,,1,DIY/Custom/Unknown — highest switching potential,60,400,Mid-Atlantic,1,Research Required,Executive Director,,,bayhawksyouth.com — site not resolving; research required,linkedin,Quick question about Chesapeake Bayhawks Youth's registration setup,Hi there — I came across Chesapeake Bayhawks Youth while researching elite Lacrosse programs in Mid-Atlantic. Quick question: have you explored alternatives to your current payment/registration setup? We work with similar clubs and typically save them time and money without disrupting what's already working. Worth a quick 15-min chat?
Lacrosse,Chesapeake Bayhawks Youth,bayhawksyouth.com,,1,DIY/Custom/Unknown — highest switching potential,60,400,Mid-Atlantic,2,Research Required,Program Director,,,Manual research required,linkedin,Quick question about Chesapeake Bayhawks Youth's registration setup,Hi there — I came across Chesapeake Bayhawks Youth while researching elite Lacrosse programs in Mid-Atlantic. Quick question: have you explored alternatives to your current payment/registration setup? We work with similar clubs and typically save them time and money without disrupting what's already working. Worth a quick 15-min chat?
Lacrosse,Trilogy Lacrosse,trilogylacrosse.com,LeagueApps,3,"Entrenched (LeagueApps) — low switching, but high volume",60,400,Mid-Atlantic,1,Research Required,Founder / Director,info@trilogylacrosse.com,,trilogylacrosse.com (founded by Ryan Boyle & Rob Lindsey),linkedin,A note for Trilogy Lacrosse on LeagueApps payment costs,Hi there — Trilogy Lacrosse is one of the top Lacrosse programs in the country. I work with similar clubs on reducing payment processing costs and improving family payment experience. Would a quick 15-minute conversation make sense?
Lacrosse,Trilogy Lacrosse,trilogylacrosse.com,LeagueApps,3,"Entrenched (LeagueApps) — low switching, but high volume",60,400,Mid-Atlantic,2,Research Required,Club Administrator,,,Visit trilogylacrosse.leagueapps.com,linkedin,A note for Trilogy Lacrosse on LeagueApps payment costs,Hi there — Trilogy Lacrosse is one of the top Lacrosse programs in the country. I work with similar clubs on reducing payment processing costs and improving family payment experience. Would a quick 15-minute conversation make sense?
Lacrosse,Express Lacrosse,expresslacrosse.com,LeagueApps,3,"Entrenched (LeagueApps) — low switching, but high volume",60,400,Northeast,1,Research Required,Executive Director,info@expresslacrosse.com,,expresslacrosse.com (Long Island Express flagship),linkedin,A note for Express Lacrosse on LeagueApps payment costs,Hi there — Express Lacrosse is one of the top Lacrosse programs in the country. I work with similar clubs on reducing payment processing costs and improving family payment experience. Would a quick 15-minute conversation make sense?
Lacrosse,Express Lacrosse,expresslacrosse.com,LeagueApps,3,"Entrenched (LeagueApps) — low switching, but high volume",60,400,Northeast,2,Research Required,Club Administrator,,,Visit liexpress.leagueapps.com,linkedin,A note for Express Lacrosse on LeagueApps payment costs,Hi there — Express Lacrosse is one of the top Lacrosse programs in the country. I work with similar clubs on reducing payment processing costs and improving family payment experience. Would a quick 15-minute conversation make sense?
Lacrosse,Annapolis Hawks,annapolishawks.com,LeagueApps,3,"Entrenched (LeagueApps) — low switching, but high volume",60,400,Mid-Atlantic,1,Research Required,Executive Director,hawkslacrosse@outlook.com,,annapolishawks.com / annapolishawks.leagueapps.com,linkedin,A note for Annapolis Hawks on LeagueApps payment costs,Hi there — Annapolis Hawks is one of the top Lacrosse programs in the country. I work with similar clubs on reducing payment processing costs and improving family payment experience. Would a quick 15-minute conversation make sense?
Lacrosse,Annapolis Hawks,annapolishawks.com,LeagueApps,3,"Entrenched (LeagueApps) — low switching, but high volume",60,400,Mid-Atlantic,2,Research Required,Club Administrator,,,Visit annapolishawks.leagueapps.com,linkedin,A note for Annapolis Hawks on LeagueApps payment costs,Hi there — Annapolis Hawks is one of the top Lacrosse programs in the country. I work with similar clubs on reducing payment processing costs and improving family payment experience. Would a quick 15-minute conversation make sense?
Hockey,Little Caesars AAA Hockey,littlecaesarshockey.com,Crossbar,2,Small platform (Crossbar) — upgrade opportunity,100,750,Midwest,1,Brian Rolston,Director of Hockey,info@lcfhhockey.org,,littlecaesarshockey.com,email,For Little Caesars AAA Hockey on Crossbar — a quick thought,"Hi Brian,

I noticed Little Caesars AAA Hockey is running on Crossbar — great choice for team management and schedules. We work alongside Crossbar with several elite Hockey clubs to handle the payment layer specifically: processing fees, failed payments, and manual reconciliation are often where clubs feel the most friction.

We layer in cleanly without replacing Crossbar for everything it does well. Worth 15 minutes to show you how it works for a club your size?

Best,
[Your Name]
[Company] | [Phone]"
Hockey,Little Caesars AAA Hockey,littlecaesarshockey.com,Crossbar,2,Small platform (Crossbar) — upgrade opportunity,100,750,Midwest,2,Research Required,Club Administrator,,,Visit littlecaesarshockey.com/staff,linkedin,For Little Caesars AAA Hockey on Crossbar — a quick thought,"Hi there — noticed Little Caesars AAA Hockey is on Crossbar. We work with several Crossbar Hockey clubs to reduce the payment friction layer (fees, failed cards, reconciliation). Would a quick 15-min call be worth it?"
Hockey,Shattuck-St. Mary's Hockey,shattucksaintmarys.org,Custom / Active Network,3,"Entrenched (Custom / Active Network) — low switching, but high volume",100,750,Midwest,1,Research Required,Director of Hockey,admissions@s-sm.org,,s-sm.org/athletics/hockey — boarding school model,linkedin,Payment optimization question for Shattuck-St. Mary's Hockey,Hi there — Shattuck-St. Mary's Hockey is one of the top Hockey programs in the country. I work with similar clubs on reducing payment processing costs and improving family payment experience. Would a quick 15-minute conversation make sense?
Hockey,Shattuck-St. Mary's Hockey,shattucksaintmarys.org,Custom / Active Network,3,"Entrenched (Custom / Active Network) — low switching, but high volume",100,750,Midwest,2,Research Required,Summer Hockey Camp Director,,,Visit s-sm.org/hockey-center,linkedin,Payment optimization question for Shattuck-St. Mary's Hockey,Hi there — Shattuck-St. Mary's Hockey is one of the top Hockey programs in the country. I work with similar clubs on reducing payment processing costs and improving family payment experience. Would a quick 15-minute conversation make sense?
Hockey,Chicago Mission AAA,chicagomission.com,Custom (WordPress),1,DIY/Custom/Unknown — highest switching potential,100,750,Midwest,1,Tom Mandarino,Girls Program Director,tomd@jrmission.com,,chicagomission.com staff page,email,Quick question about Chicago Mission AAA's registration setup,"Hi Tom,

I came across Chicago Mission AAA while mapping top Hockey programs in Midwest — impressive what you've built. I noticed you're handling registration and payments through a custom setup, which usually means you've outgrown what the off-the-shelf platforms offer.

We work with programs like yours to modernize payment collection — better parent UX, faster reconciliation, lower processing fees — without disrupting what's already working. No platform lock-in, no long-term contracts.

Would 15 minutes this week make sense? Happy to show you what it looks like for a program at Chicago Mission AAA's level.

Best,
[Your Name]
[Company] | [Phone]"
Hockey,Chicago Mission AAA,chicagomission.com,Custom (WordPress),1,DIY/Custom/Unknown — highest switching potential,100,750,Midwest,2,Gino Cavallini,Boys Program Director,ginoc@jrmission.com,,chicagomission.com staff page,email,Quick question about Chicago Mission AAA's registration setup,"Hi Gino,

I came across Chicago Mission AAA while mapping top Hockey programs in Midwest — impressive what you've built. I noticed you're handling registration and payments through a custom setup, which usually means you've outgrown what the off-the-shelf platforms offer.

We work with programs like yours to modernize payment collection — better parent UX, faster reconciliation, lower processing fees — without disrupting what's already working. No platform lock-in, no long-term contracts.

Would 15 minutes this week make sense? Happy to show you what it looks like for a program at Chicago Mission AAA's level.

Best,
[Your Name]
[Company] | [Phone]"
Hockey,Honeybaked Hockey,honeybakedhockey.com,SportsEngine,3,"Entrenched (SportsEngine) — low switching, but high volume",100,750,Midwest,1,Research Required,Executive Director,info@honeybakedhockey.com,,honeybakedhockey.com,linkedin,Payment fees for Honeybaked Hockey on SportsEngine — worth a look,Hi there — Honeybaked Hockey is one of the top Hockey programs in the country. I work with similar clubs on reducing payment processing costs and improving family payment experience. Would a quick 15-minute conversation make sense?
Hockey,Honeybaked Hockey,honeybakedhockey.com,SportsEngine,3,"Entrenched (SportsEngine) — low switching, but high volume",100,750,Midwest,2,Research Required,Club Administrator,,,Visit honeybakedhockey.com/staff,linkedin,Payment fees for Honeybaked Hockey on SportsEngine — worth a look,Hi there — Honeybaked Hockey is one of the top Hockey programs in the country. I work with similar clubs on reducing payment processing costs and improving family payment experience. Would a quick 15-minute conversation make sense?
Hockey,Tri-City Storm,stormhockey.com,SportsEngine,3,"Entrenched (SportsEngine) — low switching, but high volume",100,750,Midwest,1,Research Required,Hockey Director,info@stormhockey.com,,stormhockey.com,linkedin,Payment fees for Tri-City Storm on SportsEngine — worth a look,Hi there — Tri-City Storm is one of the top Hockey programs in the country. I work with similar clubs on reducing payment processing costs and improving family payment experience. Would a quick 15-minute conversation make sense?
Hockey,Tri-City Storm,stormhockey.com,SportsEngine,3,"Entrenched (SportsEngine) — low switching, but high volume",100,750,Midwest,2,Research Required,General Manager,,,Visit stormhockey.com/contact,linkedin,Payment fees for Tri-City Storm on SportsEngine — worth a look,Hi there — Tri-City Storm is one of the top Hockey programs in the country. I work with similar clubs on reducing payment processing costs and improving family payment experience. Would a quick 15-minute conversation make sense?
Hockey,Boston Jr. Bruins,jrbruins.com,Crossbar,2,Small platform (Crossbar) — upgrade opportunity,100,750,Northeast,1,Mike Anderson,Staff / Program Director,mike@bostonjuniorbruins.com,,bostonjuniorbruins.org,email,For Boston Jr. Bruins on Crossbar — a quick thought,"Hi Mike,

I noticed Boston Jr. Bruins is running on Crossbar — great choice for team management and schedules. We work alongside Crossbar with several elite Hockey clubs to handle the payment layer specifically: processing fees, failed payments, and manual reconciliation are often where clubs feel the most friction.

We layer in cleanly without replacing Crossbar for everything it does well. Worth 15 minutes to show you how it works for a club your size?

Best,
[Your Name]
[Company] | [Phone]"
Hockey,Boston Jr. Bruins,jrbruins.com,Crossbar,2,Small platform (Crossbar) — upgrade opportunity,100,750,Northeast,2,Research Required,Executive Director,,,Visit bostonjuniorbruins.org/staff,linkedin,For Boston Jr. Bruins on Crossbar — a quick thought,"Hi there — noticed Boston Jr. Bruins is on Crossbar. We work with several Crossbar Hockey clubs to reduce the payment friction layer (fees, failed cards, reconciliation). Would a quick 15-min call be worth it?"
Hockey,Team Illinois Hockey,teamillib.com,,1,DIY/Custom/Unknown — highest switching potential,100,750,Midwest,1,Research Required,Executive Director,,,teamillinois.com — verify correct domain,linkedin,Quick question about Team Illinois Hockey's registration setup,Hi there — I came across Team Illinois Hockey while researching elite Hockey programs in Midwest. Quick question: have you explored alternatives to your current payment/registration setup? We work with similar clubs and typically save them time and money without disrupting what's already working. Worth a quick 15-min chat?
Hockey,Team Illinois Hockey,teamillib.com,,1,DIY/Custom/Unknown — highest switching potential,100,750,Midwest,2,Research Required,Club Administrator,,,Manual research required,linkedin,Quick question about Team Illinois Hockey's registration setup,Hi there — I came across Team Illinois Hockey while researching elite Hockey programs in Midwest. Quick question: have you explored alternatives to your current payment/registration setup? We work with similar clubs and typically save them time and money without disrupting what's already working. Worth a quick 15-min chat?
Hockey,Colorado Thunderbirds,coloradothunderbirds.org,SportsEngine,3,"Entrenched (SportsEngine) — low switching, but high volume",100,750,Mountain West,1,Research Required,Executive Director,info@coloradothunderbirds.org,,coloradothunderbirds.org,linkedin,Payment fees for Colorado Thunderbirds on SportsEngine — worth a look,Hi there — Colorado Thunderbirds is one of the top Hockey programs in the country. I work with similar clubs on reducing payment processing costs and improving family payment experience. Would a quick 15-minute conversation make sense?
Hockey,Colorado Thunderbirds,coloradothunderbirds.org,SportsEngine,3,"Entrenched (SportsEngine) — low switching, but high volume",100,750,Mountain West,2,Research Required,Club Administrator,,,Visit tbirdhockey.org/staff,linkedin,Payment fees for Colorado Thunderbirds on SportsEngine — worth a look,Hi there — Colorado Thunderbirds is one of the top Hockey programs in the country. I work with similar clubs on reducing payment processing costs and improving family payment experience. Would a quick 15-minute conversation make sense?
Hockey,New Jersey Rockets,njrockets.com,Crossbar,2,Small platform (Crossbar) — upgrade opportunity,100,750,Northeast,1,Dave Ball,Hockey Director,info@rocketshockeyclub.com,,rocketshockeyclub.com/about/rhc-staff,email,For New Jersey Rockets on Crossbar — a quick thought,"Hi Dave,

I noticed New Jersey Rockets is running on Crossbar — great choice for team management and schedules. We work alongside Crossbar with several elite Hockey clubs to handle the payment layer specifically: processing fees, failed payments, and manual reconciliation are often where clubs feel the most friction.

We layer in cleanly without replacing Crossbar for everything it does well. Worth 15 minutes to show you how it works for a club your size?

Best,
[Your Name]
[Company] | [Phone]"
Hockey,New Jersey Rockets,njrockets.com,Crossbar,2,Small platform (Crossbar) — upgrade opportunity,100,750,Northeast,2,David Gibson,Owner / Founder,,,rocketshockeyclub.com,linkedin,For New Jersey Rockets on Crossbar — a quick thought,"Hi David — noticed New Jersey Rockets is on Crossbar. We work with several Crossbar Hockey clubs to reduce the payment friction layer (fees, failed cards, reconciliation). Would a quick 15-min call be worth it?"
Hockey,St. Louis Blues Elite Hockey,stlblueselite.com,Crossbar,2,Small platform (Crossbar) — upgrade opportunity,100,750,Midwest,1,Matt Heffington,Executive Director,aaabluesdirector@gmail.com,,stlaaablues.com announcement,email,For St. Louis Blues Elite Hockey on Crossbar — a quick thought,"Hi Matt,

I noticed St. Louis Blues Elite Hockey is running on Crossbar — great choice for team management and schedules. We work alongside Crossbar with several elite Hockey clubs to handle the payment layer specifically: processing fees, failed payments, and manual reconciliation are often where clubs feel the most friction.

We layer in cleanly without replacing Crossbar for everything it does well. Worth 15 minutes to show you how it works for a club your size?

Best,
[Your Name]
[Company] | [Phone]"
Hockey,St. Louis Blues Elite Hockey,stlblueselite.com,Crossbar,2,Small platform (Crossbar) — upgrade opportunity,100,750,Midwest,2,Research Required,Club Administrator,,,Visit stlaaablues.com/contact,linkedin,For St. Louis Blues Elite Hockey on Crossbar — a quick thought,"Hi there — noticed St. Louis Blues Elite Hockey is on Crossbar. We work with several Crossbar Hockey clubs to reduce the payment friction layer (fees, failed cards, reconciliation). Would a quick 15-min call be worth it?"
Soccer,Solar SC,solarsc.com,LeagueApps,3,"Entrenched (LeagueApps) — low switching, but high volume",50,500,South,1,Ellen Llamas,President,ellamas@solarsoccerclub.com,,solarsoccerclub.net/our-club/front-office/ + PR Newswire,email,A note for Solar SC on LeagueApps payment costs,"Hi Ellen,

Solar SC is one of the top Soccer programs in the country. We work with several LeagueApps clubs to reduce per-transaction payment costs and improve the family payment experience — without replacing LeagueApps for everything it does well.

Happy to share specific numbers in 15 minutes.

Best,
[Your Name]
[Company] | [Phone]"
Soccer,Solar SC,solarsc.com,LeagueApps,3,"Entrenched (LeagueApps) — low switching, but high volume",50,500,South,2,Stephanie Landreneau,Club Administrator,admin@solarsoccerclub.net,,solarsoccerclub.net/our-club/front-office/,email,A note for Solar SC on LeagueApps payment costs,"Hi Stephanie,

Solar SC is one of the top Soccer programs in the country. We work with several LeagueApps clubs to reduce per-transaction payment costs and improve the family payment experience — without replacing LeagueApps for everything it does well.

Happy to share specific numbers in 15 minutes.

Best,
[Your Name]
[Company] | [Phone]"
Soccer,Surf Soccer Club,surfsoccer.com,PlayMetrics,3,"Entrenched (PlayMetrics) — low switching, but high volume",50,500,West,1,Research Required,Executive Director,info@surfsoccer.com,,surfsoccer.com,linkedin,Payment optimization question for Surf Soccer Club,Hi there — Surf Soccer Club is one of the top Soccer programs in the country. I work with similar clubs on reducing payment processing costs and improving family payment experience. Would a quick 15-minute conversation make sense?
Soccer,Surf Soccer Club,surfsoccer.com,PlayMetrics,3,"Entrenched (PlayMetrics) — low switching, but high volume",50,500,West,2,Research Required,Club Administrator,,,Visit members.surfsoccer.com,linkedin,Payment optimization question for Surf Soccer Club,Hi there — Surf Soccer Club is one of the top Soccer programs in the country. I work with similar clubs on reducing payment processing costs and improving family payment experience. Would a quick 15-minute conversation make sense?
Soccer,FC Dallas Youth,fcdallas.com,SportsEngine,3,"Entrenched (SportsEngine) — low switching, but high volume",50,500,South,1,Chris Hayden,VP / Boys Academy Director,chayden@fcdallas.com,,fcdallas.com/youth/fcdyfrontoffice,email,Payment fees for FC Dallas Youth on SportsEngine — worth a look,"Hi Chris,

FC Dallas Youth's reputation in Soccer speaks for itself. I'm reaching out because clubs your size on SportsEngine typically absorb 2.9–3.5% on every transaction in processing fees — we've helped similar programs cut that meaningfully while keeping the registration experience families already know.

Would a 15-minute call be worth it to see the numbers?

Best,
[Your Name]
[Company] | [Phone]"
Soccer,FC Dallas Youth,fcdallas.com,SportsEngine,3,"Entrenched (SportsEngine) — low switching, but high volume",50,500,South,2,Attalie Morgan,Registrar,amorgan@fcdallas.com,,fcdallas.com/youth/fcdyfrontoffice,email,Payment fees for FC Dallas Youth on SportsEngine — worth a look,"Hi Attalie,

FC Dallas Youth's reputation in Soccer speaks for itself. I'm reaching out because clubs your size on SportsEngine typically absorb 2.9–3.5% on every transaction in processing fees — we've helped similar programs cut that meaningfully while keeping the registration experience families already know.

Would a 15-minute call be worth it to see the numbers?

Best,
[Your Name]
[Company] | [Phone]"
Soccer,NCFC Youth,ncfcyouth.com,PlayMetrics,3,"Entrenched (PlayMetrics) — low switching, but high volume",50,500,Southeast,1,Research Required,Executive Director,info@ncfcyouth.com,,ncfcyouth.com,linkedin,Payment optimization question for NCFC Youth,Hi there — NCFC Youth is one of the top Soccer programs in the country. I work with similar clubs on reducing payment processing costs and improving family payment experience. Would a quick 15-minute conversation make sense?
Soccer,NCFC Youth,ncfcyouth.com,PlayMetrics,3,"Entrenched (PlayMetrics) — low switching, but high volume",50,500,Southeast,2,Research Required,Club Administrator,,,Visit ncfcyouth.com/contact,linkedin,Payment optimization question for NCFC Youth,Hi there — NCFC Youth is one of the top Soccer programs in the country. I work with similar clubs on reducing payment processing costs and improving family payment experience. Would a quick 15-minute conversation make sense?
Soccer,Eclipse Select SC,eclipseselect.org,Unknown / Custom,1,DIY/Custom/Unknown — highest switching potential,50,500,Midwest,1,Enrique Peguero Jr,CEO / Founder,info@eclipseselect.org,linkedin.com/in/enrique-peguero-jr-1884475a,LinkedIn / eclipseselect.org,email,Quick question about Eclipse Select SC's registration setup,"Hi Enrique,

I came across Eclipse Select SC while mapping top Soccer programs in Midwest — impressive what you've built. I noticed you're handling registration and payments through a custom setup, which usually means you've outgrown what the off-the-shelf platforms offer.

We work with programs like yours to modernize payment collection — better parent UX, faster reconciliation, lower processing fees — without disrupting what's already working. No platform lock-in, no long-term contracts.

Would 15 minutes this week make sense? Happy to show you what it looks like for a program at Eclipse Select SC's level.

Best,
[Your Name]
[Company] | [Phone]"
Soccer,Eclipse Select SC,eclipseselect.org,Unknown / Custom,1,DIY/Custom/Unknown — highest switching potential,50,500,Midwest,2,Sarah Dames,CFO,sarah@eclipseselect.org,,eclipseselect.org staff,email,Quick question about Eclipse Select SC's registration setup,"Hi Sarah,

I came across Eclipse Select SC while mapping top Soccer programs in Midwest — impressive what you've built. I noticed you're handling registration and payments through a custom setup, which usually means you've outgrown what the off-the-shelf platforms offer.

We work with programs like yours to modernize payment collection — better parent UX, faster reconciliation, lower processing fees — without disrupting what's already working. No platform lock-in, no long-term contracts.

Would 15 minutes this week make sense? Happy to show you what it looks like for a program at Eclipse Select SC's level.

Best,
[Your Name]
[Company] | [Phone]"
Soccer,PDA Soccer,pdasoccer.com,Demosphere (OTTO Sport AI),3,"Entrenched (Demosphere / OTTO Sport AI) — low switching, but high volume",50,500,Northeast,1,Tom Anderson,President,info@pdasoccer.org,,pdasoccer.org/PDA-staff.aspx,email,Payment optimization question for PDA Soccer,"Hi Tom,

I admire what PDA Soccer has built in the Soccer space. I'm reaching out because we've helped similar programs reduce payment processing overhead and improve collection rates — often without changing the registration workflow families already use.

Would 15 minutes make sense to explore?

Best,
[Your Name]
[Company] | [Phone]"
Soccer,PDA Soccer,pdasoccer.com,Demosphere (OTTO Sport AI),3,"Entrenched (Demosphere / OTTO Sport AI) — low switching, but high volume",50,500,Northeast,2,Gerry McKeown,Boys Executive Director,,,pdasoccer.org/PDA-staff.aspx,linkedin,Payment optimization question for PDA Soccer,Hi Gerry — PDA Soccer is one of the top Soccer programs in the country. I work with similar clubs on reducing payment processing costs and improving family payment experience. Would a quick 15-minute conversation make sense?
Soccer,LA Galaxy Academy,lagalaxy.com,DaySmart,3,"Entrenched (DaySmart Recreation) — low switching, but high volume",50,500,West,1,Research Required,Youth Academy Director,info@youth.lagalaxy.com,,youth.lagalaxy.com,linkedin,Payment optimization question for LA Galaxy Academy,Hi there — LA Galaxy Academy is one of the top Soccer programs in the country. I work with similar clubs on reducing payment processing costs and improving family payment experience. Would a quick 15-minute conversation make sense?
Soccer,LA Galaxy Academy,lagalaxy.com,DaySmart,3,"Entrenched (DaySmart Recreation) — low switching, but high volume",50,500,West,2,Research Required,Director of Youth Programs,,,Visit lagalaxy.com/youth,linkedin,Payment optimization question for LA Galaxy Academy,Hi there — LA Galaxy Academy is one of the top Soccer programs in the country. I work with similar clubs on reducing payment processing costs and improving family payment experience. Would a quick 15-minute conversation make sense?
Soccer,Concorde Fire,concordefire.com,SportsEngine,3,"Entrenched (SportsEngine) — low switching, but high volume",50,500,Southeast,1,Eric Steinhauser,Executive Director,ericsteinhauser@concordefire.com,,concordefire.com/concorde-info/club-info/directors-and-staff/,email,Payment fees for Concorde Fire on SportsEngine — worth a look,"Hi Eric,

Concorde Fire's reputation in Soccer speaks for itself. I'm reaching out because clubs your size on SportsEngine typically absorb 2.9–3.5% on every transaction in processing fees — we've helped similar programs cut that meaningfully while keeping the registration experience families already know.

Would a 15-minute call be worth it to see the numbers?

Best,
[Your Name]
[Company] | [Phone]"
Soccer,Concorde Fire,concordefire.com,SportsEngine,3,"Entrenched (SportsEngine) — low switching, but high volume",50,500,Southeast,2,Larry Lord,President,info@concordefire.com,,concordefire.com,email,Payment fees for Concorde Fire on SportsEngine — worth a look,"Hi Larry,

Concorde Fire's reputation in Soccer speaks for itself. I'm reaching out because clubs your size on SportsEngine typically absorb 2.9–3.5% on every transaction in processing fees — we've helped similar programs cut that meaningfully while keeping the registration experience families already know.

Would a 15-minute call be worth it to see the numbers?

Best,
[Your Name]
[Company] | [Phone]"
Soccer,Houston Dash Academy,houstondash.com,LeagueApps,3,"Entrenched (LeagueApps) — low switching, but high volume",50,500,South,1,Research Required,Academy Director,info@houstondynamoyouth.com,,houstondash.com / houstondynamoyouth.leagueapps.com,linkedin,A note for Houston Dash Academy on LeagueApps payment costs,Hi there — Houston Dash Academy is one of the top Soccer programs in the country. I work with similar clubs on reducing payment processing costs and improving family payment experience. Would a quick 15-minute conversation make sense?
Soccer,Houston Dash Academy,houstondash.com,LeagueApps,3,"Entrenched (LeagueApps) — low switching, but high volume",50,500,South,2,Research Required,Club Administrator,,,Visit houstondynamoyouth.leagueapps.com,linkedin,A note for Houston Dash Academy on LeagueApps payment costs,Hi there — Houston Dash Academy is one of the top Soccer programs in the country. I work with similar clubs on reducing payment processing costs and improving family payment experience. Would a quick 15-minute conversation make sense?
Soccer,Sporting KC Academy,sportingkc.com,SportsEngine,3,"Entrenched (SportsEngine) — low switching, but high volume",50,500,Midwest,1,Research Required,Academy Director,info@sportingkc.com,,sportingkc.com / sportingkcacademy.com,linkedin,Payment fees for Sporting KC Academy on SportsEngine — worth a look,Hi there — Sporting KC Academy is one of the top Soccer programs in the country. I work with similar clubs on reducing payment processing costs and improving family payment experience. Would a quick 15-minute conversation make sense?
Soccer,Sporting KC Academy,sportingkc.com,SportsEngine,3,"Entrenched (SportsEngine) — low switching, but high volume",50,500,Midwest,2,Research Required,Director of Youth Programs,,,Visit sportingkcacademy.com/contact,linkedin,Payment fees for Sporting KC Academy on SportsEngine — worth a look,Hi there — Sporting KC Academy is one of the top Soccer programs in the country. I work with similar clubs on reducing payment processing costs and improving family payment experience. Would a quick 15-minute conversation make sense?
Basketball,Team Takeover,teamtakeoverhoops.com,Custom,1,DIY/Custom/Unknown — highest switching potential,30,200,Mid-Atlantic,1,Keith Stevens,Founder / Director,info@team-takeover.com,,team-takeover.com,email,Quick question about Team Takeover's registration setup,"Hi Keith,

I came across Team Takeover while mapping top Basketball programs in Mid-Atlantic — impressive what you've built. I noticed you're handling registration and payments through a custom setup, which usually means you've outgrown what the off-the-shelf platforms offer.

We work with programs like yours to modernize payment collection — better parent UX, faster reconciliation, lower processing fees — without disrupting what's already working. No platform lock-in, no long-term contracts.

Would 15 minutes this week make sense? Happy to show you what it looks like for a program at Team Takeover's level.

Best,
[Your Name]
[Company] | [Phone]"
Basketball,Team Takeover,teamtakeoverhoops.com,Custom,1,DIY/Custom/Unknown — highest switching potential,30,200,Mid-Atlantic,2,Research Required,Program Director,,,Visit team-takeover.com/contact,linkedin,Quick question about Team Takeover's registration setup,Hi there — I came across Team Takeover while researching elite Basketball programs in Mid-Atlantic. Quick question: have you explored alternatives to your current payment/registration setup? We work with similar clubs and typically save them time and money without disrupting what's already working. Worth a quick 15-min chat?
Basketball,Brad Beal Elite,bradbeaelite.com,LeagueApps,3,"Entrenched (LeagueApps) — low switching, but high volume",30,200,Midwest,1,Tim Holloway,President / Executive Director,,,bradleybealelite.com / web search (314-479-5897),linkedin,A note for Brad Beal Elite on LeagueApps payment costs,Hi Tim — Brad Beal Elite is one of the top Basketball programs in the country. I work with similar clubs on reducing payment processing costs and improving family payment experience. Would a quick 15-minute conversation make sense?
Basketball,Brad Beal Elite,bradbeaelite.com,LeagueApps,3,"Entrenched (LeagueApps) — low switching, but high volume",30,200,Midwest,2,Megan Jackson,Staff,,linkedin.com/in/megan-jackson-575408271,LinkedIn,linkedin,A note for Brad Beal Elite on LeagueApps payment costs,Hi Megan — Brad Beal Elite is one of the top Basketball programs in the country. I work with similar clubs on reducing payment processing costs and improving family payment experience. Would a quick 15-minute conversation make sense?
Basketball,Oakland Soldiers,oaklandsoldiersbasketball.com,Custom / Exposure Events,1,DIY/Custom/Unknown — highest switching potential,30,200,West,1,Greg Davis,Executive Director,info@soldierbasketball.com,,soldierbasketball.com,email,Quick question about Oakland Soldiers's registration setup,"Hi Greg,

I came across Oakland Soldiers while mapping top Basketball programs in West — impressive what you've built. I noticed you're handling registration and payments through a custom setup, which usually means you've outgrown what the off-the-shelf platforms offer.

We work with programs like yours to modernize payment collection — better parent UX, faster reconciliation, lower processing fees — without disrupting what's already working. No platform lock-in, no long-term contracts.

Would 15 minutes this week make sense? Happy to show you what it looks like for a program at Oakland Soldiers's level.

Best,
[Your Name]
[Company] | [Phone]"
Basketball,Oakland Soldiers,oaklandsoldiersbasketball.com,Custom / Exposure Events,1,DIY/Custom/Unknown — highest switching potential,30,200,West,2,Lance Olivier,Director of Player Personnel,lance@soldierbasketball.com,,ZoomInfo / soldierbasketball.com,email,Quick question about Oakland Soldiers's registration setup,"Hi Lance,

I came across Oakland Soldiers while mapping top Basketball programs in West — impressive what you've built. I noticed you're handling registration and payments through a custom setup, which usually means you've outgrown what the off-the-shelf platforms offer.

We work with programs like yours to modernize payment collection — better parent UX, faster reconciliation, lower processing fees — without disrupting what's already working. No platform lock-in, no long-term contracts.

Would 15 minutes this week make sense? Happy to show you what it looks like for a program at Oakland Soldiers's level.

Best,
[Your Name]
[Company] | [Phone]"
Basketball,Mokan Elite,mokanelite.com,Custom,1,DIY/Custom/Unknown — highest switching potential,30,200,Midwest,1,Matt Suther,Founder / Director,info@mokanbasketball.com,,mokanbasketball.com,email,Quick question about Mokan Elite's registration setup,"Hi Matt,

I came across Mokan Elite while mapping top Basketball programs in Midwest — impressive what you've built. I noticed you're handling registration and payments through a custom setup, which usually means you've outgrown what the off-the-shelf platforms offer.

We work with programs like yours to modernize payment collection — better parent UX, faster reconciliation, lower processing fees — without disrupting what's already working. No platform lock-in, no long-term contracts.

Would 15 minutes this week make sense? Happy to show you what it looks like for a program at Mokan Elite's level.

Best,
[Your Name]
[Company] | [Phone]"
Basketball,Mokan Elite,mokanelite.com,Custom,1,DIY/Custom/Unknown — highest switching potential,30,200,Midwest,2,Research Required,Program Director,,,Visit mokanbasketball.com/contact,linkedin,Quick question about Mokan Elite's registration setup,Hi there — I came across Mokan Elite while researching elite Basketball programs in Midwest. Quick question: have you explored alternatives to your current payment/registration setup? We work with similar clubs and typically save them time and money without disrupting what's already working. Worth a quick 15-min chat?
Basketball,PSA Cardinals,psacardinals.com,Custom,1,DIY/Custom/Unknown — highest switching potential,30,200,Northeast,1,Terrance 'Munch' Williams,Director / Founder,info@psacardinals.com,,psacardinals.com,email,Quick question about PSA Cardinals's registration setup,"Hi Terrance,

I came across PSA Cardinals while mapping top Basketball programs in Northeast — impressive what you've built. I noticed you're handling registration and payments through a custom setup, which usually means you've outgrown what the off-the-shelf platforms offer.

We work with programs like yours to modernize payment collection — better parent UX, faster reconciliation, lower processing fees — without disrupting what's already working. No platform lock-in, no long-term contracts.

Would 15 minutes this week make sense? Happy to show you what it looks like for a program at PSA Cardinals's level.

Best,
[Your Name]
[Company] | [Phone]"
Basketball,PSA Cardinals,psacardinals.com,Custom,1,DIY/Custom/Unknown — highest switching potential,30,200,Northeast,2,Research Required,Program Director,,,Visit psacardinals.com/contact,linkedin,Quick question about PSA Cardinals's registration setup,Hi there — I came across PSA Cardinals while researching elite Basketball programs in Northeast. Quick question: have you explored alternatives to your current payment/registration setup? We work with similar clubs and typically save them time and money without disrupting what's already working. Worth a quick 15-min chat?
Basketball,All In Elite,allineliteua.com,Custom (Squarespace),1,DIY/Custom/Unknown — highest switching potential,30,200,Mid-Atlantic,1,Ryan Silver,Founder / Director,info@allineliteua.com,,allineliteua.com/contact-us,email,Quick question about All In Elite's registration setup,"Hi Ryan,

I came across All In Elite while mapping top Basketball programs in Mid-Atlantic — impressive what you've built. I noticed you're handling registration and payments through a custom setup, which usually means you've outgrown what the off-the-shelf platforms offer.

We work with programs like yours to modernize payment collection — better parent UX, faster reconciliation, lower processing fees — without disrupting what's already working. No platform lock-in, no long-term contracts.

Would 15 minutes this week make sense? Happy to show you what it looks like for a program at All In Elite's level.

Best,
[Your Name]
[Company] | [Phone]"
Basketball,All In Elite,allineliteua.com,Custom (Squarespace),1,DIY/Custom/Unknown — highest switching potential,30,200,Mid-Atlantic,2,Research Required,Program Director,,,Visit allineliteua.com/contact-us,linkedin,Quick question about All In Elite's registration setup,Hi there — I came across All In Elite while researching elite Basketball programs in Mid-Atlantic. Quick question: have you explored alternatives to your current payment/registration setup? We work with similar clubs and typically save them time and money without disrupting what's already working. Worth a quick 15-min chat?
Basketball,Team Penny,teampennyaau.com,,1,DIY/Custom/Unknown — highest switching potential,30,200,Southeast,1,Research Required,Director / Founder,,,teampennyaau.com — verify domain; pennyhardawaybasketballcamp.com,linkedin,Quick question about Team Penny's registration setup,Hi there — I came across Team Penny while researching elite Basketball programs in Southeast. Quick question: have you explored alternatives to your current payment/registration setup? We work with similar clubs and typically save them time and money without disrupting what's already working. Worth a quick 15-min chat?
Basketball,Team Penny,teampennyaau.com,,1,DIY/Custom/Unknown — highest switching potential,30,200,Southeast,2,Research Required,Program Director,,,Manual research required,linkedin,Quick question about Team Penny's registration setup,Hi there — I came across Team Penny while researching elite Basketball programs in Southeast. Quick question: have you explored alternatives to your current payment/registration setup? We work with similar clubs and typically save them time and money without disrupting what's already working. Worth a quick 15-min chat?
Basketball,NY Rens,nyrens.org,SportsEngine,3,"Entrenched (SportsEngine) — low switching, but high volume",30,200,Northeast,1,Research Required,Executive Director,info@nyrhoops.org,,nyrhoops.org,linkedin,Payment fees for NY Rens on SportsEngine — worth a look,Hi there — NY Rens is one of the top Basketball programs in the country. I work with similar clubs on reducing payment processing costs and improving family payment experience. Would a quick 15-minute conversation make sense?
Basketball,NY Rens,nyrens.org,SportsEngine,3,"Entrenched (SportsEngine) — low switching, but high volume",30,200,Northeast,2,Research Required,Program Director,,,Visit nyrhoops.sportngin.com,linkedin,Payment fees for NY Rens on SportsEngine — worth a look,Hi there — NY Rens is one of the top Basketball programs in the country. I work with similar clubs on reducing payment processing costs and improving family payment experience. Would a quick 15-minute conversation make sense?
Basketball,Nightrydas Elite,nightrydaselite.com,TicketLeap + Exposure Events,1,DIY/Custom/Unknown — highest switching potential,30,200,Southeast,1,Jordan Maurice,Director / Founder,nightrydaselite@gmail.com,,nightrydaselite.com / web search,email,Quick question about Nightrydas Elite's registration setup,"Hi Jordan,

I came across Nightrydas Elite while mapping top Basketball programs in Southeast — impressive what you've built. I noticed you're handling registration and payments through a custom setup, which usually means you've outgrown what the off-the-shelf platforms offer.

We work with programs like yours to modernize payment collection — better parent UX, faster reconciliation, lower processing fees — without disrupting what's already working. No platform lock-in, no long-term contracts.

Would 15 minutes this week make sense? Happy to show you what it looks like for a program at Nightrydas Elite's level.

Best,
[Your Name]
[Company] | [Phone]"
Basketball,Nightrydas Elite,nightrydaselite.com,TicketLeap + Exposure Events,1,DIY/Custom/Unknown — highest switching potential,30,200,Southeast,2,Research Required,Program Director,,,Visit nightrydaselite.com/contact,linkedin,Quick question about Nightrydas Elite's registration setup,Hi there — I came across Nightrydas Elite while researching elite Basketball programs in Southeast. Quick question: have you explored alternatives to your current payment/registration setup? We work with similar clubs and typically save them time and money without disrupting what's already working. Worth a quick 15-min chat?
Basketball,Howard Pulley Panthers,howardpulleypanthers.com,SportsEngine,3,"Entrenched (SportsEngine) — low switching, but high volume",30,200,Midwest,1,Research Required,Executive Director,info@howardpulleybasketball.com,,howardpulleybasketball.com,linkedin,Payment fees for Howard Pulley Panthers on SportsEngine — worth a look,Hi there — Howard Pulley Panthers is one of the top Basketball programs in the country. I work with similar clubs on reducing payment processing costs and improving family payment experience. Would a quick 15-minute conversation make sense?
Basketball,Howard Pulley Panthers,howardpulleypanthers.com,SportsEngine,3,"Entrenched (SportsEngine) — low switching, but high volume",30,200,Midwest,2,Research Required,Program Director,,,Visit howardpulleybasketball.sportngin.com,linkedin,Payment fees for Howard Pulley Panthers on SportsEngine — worth a look,Hi there — Howard Pulley Panthers is one of the top Basketball programs in the country. I work with similar clubs on reducing payment processing costs and improving family payment experience. Would a quick 15-minute conversation make sense?
Baseball,Baseball Factory,baseballfactory.com,LeagueApps,3,"Entrenched (LeagueApps) — low switching, but high volume",75,600,National,1,Research Required,CEO / President,info@baseballfactory.com,,baseballfactory.com,linkedin,A note for Baseball Factory on LeagueApps payment costs,Hi there — Baseball Factory is one of the top Baseball programs in the country. I work with similar clubs on reducing payment processing costs and improving family payment experience. Would a quick 15-minute conversation make sense?
Baseball,Baseball Factory,baseballfactory.com,LeagueApps,3,"Entrenched (LeagueApps) — low switching, but high volume",75,600,National,2,Research Required,Director of Operations,,,Visit baseballfactory.com/staff,linkedin,A note for Baseball Factory on LeagueApps payment costs,Hi there — Baseball Factory is one of the top Baseball programs in the country. I work with similar clubs on reducing payment processing costs and improving family payment experience. Would a quick 15-minute conversation make sense?
Baseball,Future Stars Series,futurestarsseries.com,Stack Sports,3,"Entrenched (Stack Sports) — low switching, but high volume",75,600,National,1,Research Required,President / Director,info@futurestarsseries.com,,futurestarsseries.com,linkedin,Payment optimization question for Future Stars Series,Hi there — Future Stars Series is one of the top Baseball programs in the country. I work with similar clubs on reducing payment processing costs and improving family payment experience. Would a quick 15-minute conversation make sense?
Baseball,Future Stars Series,futurestarsseries.com,Stack Sports,3,"Entrenched (Stack Sports) — low switching, but high volume",75,600,National,2,Research Required,Club Administrator,,,Visit futurestarsseries.com/contact,linkedin,Payment optimization question for Future Stars Series,Hi there — Future Stars Series is one of the top Baseball programs in the country. I work with similar clubs on reducing payment processing costs and improving family payment experience. Would a quick 15-minute conversation make sense?
Baseball,Canes Midwest,canesbaseball.net,LeagueApps,3,"Entrenched (LeagueApps) — low switching, but high volume",75,600,Midwest,1,Research Required,Midwest Regional Director,info@canesmidwestbaseball.com,,canesmidwestbaseball.com,linkedin,A note for Canes Midwest on LeagueApps payment costs,Hi there — Canes Midwest is one of the top Baseball programs in the country. I work with similar clubs on reducing payment processing costs and improving family payment experience. Would a quick 15-minute conversation make sense?
Baseball,Canes Midwest,canesbaseball.net,LeagueApps,3,"Entrenched (LeagueApps) — low switching, but high volume",75,600,Midwest,2,Sammy Serrano,Central Regional Director,,,canesbaseball.net/canes-tab-sammy-serrano-as-central-regional-director/,linkedin,A note for Canes Midwest on LeagueApps payment costs,Hi Sammy — Canes Midwest is one of the top Baseball programs in the country. I work with similar clubs on reducing payment processing costs and improving family payment experience. Would a quick 15-minute conversation make sense?
Baseball,USSSA Baseball,usssa.com,Custom In-House,1,DIY/Custom/Unknown — highest switching potential,75,600,National,1,John J. Latella,CEO,info@usssa.com,,usssa.com/contact / web search,email,Quick question about USSSA Baseball's registration setup,"Hi John,

I came across USSSA Baseball while mapping top Baseball programs in National — impressive what you've built. I noticed you're handling registration and payments through a custom setup, which usually means you've outgrown what the off-the-shelf platforms offer.

We work with programs like yours to modernize payment collection — better parent UX, faster reconciliation, lower processing fees — without disrupting what's already working. No platform lock-in, no long-term contracts.

Would 15 minutes this week make sense? Happy to show you what it looks like for a program at USSSA Baseball's level.

Best,
[Your Name]
[Company] | [Phone]"
Baseball,USSSA Baseball,usssa.com,Custom In-House,1,DIY/Custom/Unknown — highest switching potential,75,600,National,2,Research Required,Director of Baseball,,,Visit usssa.com/contact,linkedin,Quick question about USSSA Baseball's registration setup,Hi there — I came across USSSA Baseball while researching elite Baseball programs in National. Quick question: have you explored alternatives to your current payment/registration setup? We work with similar clubs and typically save them time and money without disrupting what's already working. Worth a quick 15-min chat?
Baseball,Select Baseball,selectbaseballclub.com,LeagueApps,3,"Entrenched (LeagueApps) — low switching, but high volume",75,600,Midwest,1,Research Required,President / Director,info@selectbaseballclub.com,,selectbaseballclub.com,linkedin,A note for Select Baseball on LeagueApps payment costs,Hi there — Select Baseball is one of the top Baseball programs in the country. I work with similar clubs on reducing payment processing costs and improving family payment experience. Would a quick 15-minute conversation make sense?
Baseball,Select Baseball,selectbaseballclub.com,LeagueApps,3,"Entrenched (LeagueApps) — low switching, but high volume",75,600,Midwest,2,Research Required,Club Administrator,,,Visit selectbaseball.leagueapps.com,linkedin,A note for Select Baseball on LeagueApps payment costs,Hi there — Select Baseball is one of the top Baseball programs in the country. I work with similar clubs on reducing payment processing costs and improving family payment experience. Would a quick 15-minute conversation make sense?
Baseball,New England Ruffnecks,neruffnecks.com,LeagueApps,3,"Entrenched (LeagueApps) — low switching, but high volume",75,600,Northeast,1,Research Required,President / Director,info@neruffnecks.com,,neruffnecks.com,linkedin,A note for New England Ruffnecks on LeagueApps payment costs,Hi there — New England Ruffnecks is one of the top Baseball programs in the country. I work with similar clubs on reducing payment processing costs and improving family payment experience. Would a quick 15-minute conversation make sense?
Baseball,New England Ruffnecks,neruffnecks.com,LeagueApps,3,"Entrenched (LeagueApps) — low switching, but high volume",75,600,Northeast,2,Research Required,Club Administrator,,,Visit neruffnecks.leagueapps.com,linkedin,A note for New England Ruffnecks on LeagueApps payment costs,Hi there — New England Ruffnecks is one of the top Baseball programs in the country. I work with similar clubs on reducing payment processing costs and improving family payment experience. Would a quick 15-minute conversation make sense?
Baseball,Texas Bombers Baseball,texasbombers.com,Square,1,DIY/Custom/Unknown — highest switching potential,75,600,South,1,Research Required,President / Director,info@texasbombers.com,,texasbombers.com,linkedin,Quick question about Texas Bombers Baseball's registration setup,Hi there — I came across Texas Bombers Baseball while researching elite Baseball programs in South. Quick question: have you explored alternatives to your current payment/registration setup? We work with similar clubs and typically save them time and money without disrupting what's already working. Worth a quick 15-min chat?
Baseball,Texas Bombers Baseball,texasbombers.com,Square,1,DIY/Custom/Unknown — highest switching potential,75,600,South,2,Research Required,Club Administrator,,,Visit texasbombers.square.site,linkedin,Quick question about Texas Bombers Baseball's registration setup,Hi there — I came across Texas Bombers Baseball while researching elite Baseball programs in South. Quick question: have you explored alternatives to your current payment/registration setup? We work with similar clubs and typically save them time and money without disrupting what's already working. Worth a quick 15-min chat?
Baseball,D-BAT Academies,dbat.com,Custom (membership.dbat.net),1,DIY/Custom/Unknown — highest switching potential,75,600,National,1,Research Required,CEO / President,info@dbat.com,,dbat.com,linkedin,Quick question about D-BAT Academies's registration setup,Hi there — I came across D-BAT Academies while researching elite Baseball programs in National. Quick question: have you explored alternatives to your current payment/registration setup? We work with similar clubs and typically save them time and money without disrupting what's already working. Worth a quick 15-min chat?
Baseball,D-BAT Academies,dbat.com,Custom (membership.dbat.net),1,DIY/Custom/Unknown — highest switching potential,75,600,National,2,Research Required,Director of Operations,,,Visit membership.dbat.net,linkedin,Quick question about D-BAT Academies's registration setup,Hi there — I came across D-BAT Academies while researching elite Baseball programs in National. Quick question: have you explored alternatives to your current payment/registration setup? We work with similar clubs and typically save them time and money without disrupting what's already working. Worth a quick 15-min chat?
Baseball,Team One Baseball,teamonebaseball.com,Custom In-House,1,DIY/Custom/Unknown — highest switching potential,75,600,National,1,Research Required,President / Director,info@teamonebaseball.com,,teamonebaseball.com (Baseball Factory family),linkedin,Quick question about Team One Baseball's registration setup,Hi there — I came across Team One Baseball while researching elite Baseball programs in National. Quick question: have you explored alternatives to your current payment/registration setup? We work with similar clubs and typically save them time and money without disrupting what's already working. Worth a quick 15-min chat?
Baseball,Team One Baseball,teamonebaseball.com,Custom In-House,1,DIY/Custom/Unknown — highest switching potential,75,600,National,2,Research Required,Club Administrator,,,Visit teamonebaseball.com/contact,linkedin,Quick question about Team One Baseball's registration setup,Hi there — I came across Team One Baseball while researching elite Baseball programs in National. Quick question: have you explored alternatives to your current payment/registration setup? We work with similar clubs and typically save them time and money without disrupting what's already working. Worth a quick 15-min chat?
Baseball,Ripken Baseball,ripkenbaseball.com,LeagueApps,3,"Entrenched (LeagueApps) — low switching, but high volume",75,600,Mid-Atlantic,1,Research Required,CEO / President,info@ripkenbaseball.com,,ripkenbaseball.com,linkedin,A note for Ripken Baseball on LeagueApps payment costs,Hi there — Ripken Baseball is one of the top Baseball programs in the country. I work with similar clubs on reducing payment processing costs and improving family payment experience. Would a quick 15-minute conversation make sense?
Baseball,Ripken Baseball,ripkenbaseball.com,LeagueApps,3,"Entrenched (LeagueApps) — low switching, but high volume",75,600,Mid-Atlantic,2,Research Required,Director of Operations,,,Visit ripkenbaseball.leagueapps.com,linkedin,A note for Ripken Baseball on LeagueApps payment costs,Hi there — Ripken Baseball is one of the top Baseball programs in the country. I work with similar clubs on reducing payment processing costs and improving family payment experience. Would a quick 15-minute conversation make sense?
Baseball,Five Tool Baseball,fivetoolbaseball.com,LeagueApps,3,"Entrenched (LeagueApps) — low switching, but high volume",75,600,Southeast,1,Research Required,President / Director,info@fivetoolbaseball.com,,fivetoolbaseball.com,linkedin,A note for Five Tool Baseball on LeagueApps payment costs,Hi there — Five Tool Baseball is one of the top Baseball programs in the country. I work with similar clubs on reducing payment processing costs and improving family payment experience. Would a quick 15-minute conversation make sense?
Baseball,Five Tool Baseball,fivetoolbaseball.com,LeagueApps,3,"Entrenched (LeagueApps) — low switching, but high volume",75,600,Southeast,2,Research Required,Club Administrator,,,Visit fivetool.leagueapps.com,linkedin,A note for Five Tool Baseball on LeagueApps payment costs,Hi there — Five Tool Baseball is one of the top Baseball programs in the country. I work with similar clubs on reducing payment processing costs and improving family payment experience. Would a quick 15-minute conversation make sense?
Baseball,Prep Baseball Report (PBR),prepbaseballreport.com,Custom In-House,1,DIY/Custom/Unknown — highest switching potential,75,600,National,1,Research Required,CEO / Founder,info@prepbaseballreport.com,,prepbaseballreport.com,linkedin,Quick question about Prep Baseball Report (PBR)'s registration setup,Hi there — I came across Prep Baseball Report (PBR) while researching elite Baseball programs in National. Quick question: have you explored alternatives to your current payment/registration setup? We work with similar clubs and typically save them time and money without disrupting what's already working. Worth a quick 15-min chat?
Baseball,Prep Baseball Report (PBR),prepbaseballreport.com,Custom In-House,1,DIY/Custom/Unknown — highest switching potential,75,600,National,2,Research Required,Director of Events,,,Visit prepbaseballreport.com/contact,linkedin,Quick question about Prep Baseball Report (PBR)'s registration setup,Hi there — I came across Prep Baseball Report (PBR) while researching elite Baseball programs in National. Quick question: have you explored alternatives to your current payment/registration setup? We work with similar clubs and typically save them time and money without disrupting what's already working. Worth a quick 15-min chat?
Baseball,USA Baseball Youth Events,usabaseball.com,Custom In-House,1,DIY/Custom/Unknown — highest switching potential,75,600,National,1,Research Required,Executive Director / CEO,info@usabaseball.com,,usabaseball.com — national governing body,linkedin,Quick question about USA Baseball Youth Events's registration setup,Hi there — I came across USA Baseball Youth Events while researching elite Baseball programs in National. Quick question: have you explored alternatives to your current payment/registration setup? We work with similar clubs and typically save them time and money without disrupting what's already working. Worth a quick 15-min chat?
Baseball,USA Baseball Youth Events,usabaseball.com,Custom In-House,1,DIY/Custom/Unknown — highest switching potential,75,600,National,2,Research Required,Director of Youth Programs,,,Visit usabaseball.com/contact,linkedin,Quick question about USA Baseball Youth Events's registration setup,Hi there — I came across USA Baseball Youth Events while researching elite Baseball programs in National. Quick question: have you explored alternatives to your current payment/registration setup? We work with similar clubs and typically save them time and money without disrupting what's already working. Worth a quick 15-min chat?
Baseball,Mid-South Baseball,midsouthbaseball.com,Unknown / Custom,1,DIY/Custom/Unknown — highest switching potential,75,600,Southeast,1,Research Required,Founder / Director,,,midsouthbaseball.com — research required,linkedin,Quick question about Mid-South Baseball's registration setup,Hi there — I came across Mid-South Baseball while researching elite Baseball programs in Southeast. Quick question: have you explored alternatives to your current payment/registration setup? We work with similar clubs and typically save them time and money without disrupting what's already working. Worth a quick 15-min chat?
Baseball,Mid-South Baseball,midsouthbaseball.com,Unknown / Custom,1,DIY/Custom/Unknown — highest switching potential,75,600,Southeast,2,Research Required,Club Administrator,,,Manual research required,linkedin,Quick question about Mid-South Baseball's registration setup,Hi there — I came across Mid-South Baseball while researching elite Baseball programs in Southeast. Quick question: have you explored alternatives to your current payment/registration setup? We work with similar clubs and typically save them time and money without disrupting what's already working. Worth a quick 15-min chat?
Baseball,Power Baseball,powerbaseballnational.com,Unknown / Custom,1,DIY/Custom/Unknown — highest switching potential,75,600,National,1,Research Required,Founder / Director,,,powerbaseballnational.com — research required,linkedin,Quick question about Power Baseball's registration setup,Hi there — I came across Power Baseball while researching elite Baseball programs in National. Quick question: have you explored alternatives to your current payment/registration setup? We work with similar clubs and typically save them time and money without disrupting what's already working. Worth a quick 15-min chat?
Baseball,Power Baseball,powerbaseballnational.com,Unknown / Custom,1,DIY/Custom/Unknown — highest switching potential,75,600,National,2,Research Required,Club Administrator,,,Manual research required,linkedin,Quick question about Power Baseball's registration setup,Hi there — I came across Power Baseball while researching elite Baseball programs in National. Quick question: have you explored alternatives to your current payment/registration setup? We work with similar clubs and typically save them time and money without disrupting what's already working. Worth a quick 15-min chat?
Hockey,Pittsburgh Penguins Elite,pittsburghpenguinselite.com,SportsEngine,3,"Entrenched (SportsEngine) — low switching, but high volume",100,750,Mid-Atlantic,1,Research Required,Executive Director,info@pittsburghpenguinselite.com,,pittsburghpenguinselite.com,linkedin,Payment fees for Pittsburgh Penguins Elite on SportsEngine — worth a look,Hi there — Pittsburgh Penguins Elite is one of the top Hockey programs in the country. I work with similar clubs on reducing payment processing costs and improving family payment experience. Would a quick 15-minute conversation make sense?
Hockey,Pittsburgh Penguins Elite,pittsburghpenguinselite.com,SportsEngine,3,"Entrenched (SportsEngine) — low switching, but high volume",100,750,Mid-Atlantic,2,Research Required,Hockey Director,,,Visit pittsburghpenguinselite.sportngin.com,linkedin,Payment fees for Pittsburgh Penguins Elite on SportsEngine — worth a look,Hi there — Pittsburgh Penguins Elite is one of the top Hockey programs in the country. I work with similar clubs on reducing payment processing costs and improving family payment experience. Would a quick 15-minute conversation make sense?
Hockey,Detroit Compuware,compuwarehockey.com,SportsEngine,3,"Entrenched (SportsEngine) — low switching, but high volume",100,750,Midwest,1,Research Required,Executive Director,info@compuwarehockey.com,,compuwarehockey.com,linkedin,Payment fees for Detroit Compuware on SportsEngine — worth a look,Hi there — Detroit Compuware is one of the top Hockey programs in the country. I work with similar clubs on reducing payment processing costs and improving family payment experience. Would a quick 15-minute conversation make sense?
Hockey,Detroit Compuware,compuwarehockey.com,SportsEngine,3,"Entrenched (SportsEngine) — low switching, but high volume",100,750,Midwest,2,Research Required,Hockey Director,,,Visit compuwarehockey.sportngin.com,linkedin,Payment fees for Detroit Compuware on SportsEngine — worth a look,Hi there — Detroit Compuware is one of the top Hockey programs in the country. I work with similar clubs on reducing payment processing costs and improving family payment experience. Would a quick 15-minute conversation make sense?
Hockey,Buffalo Jr. Sabres,buffalojrsabres.com,PayPal (direct),1,DIY/Custom/Unknown — highest switching potential,100,750,Northeast,1,Pat Kaleta,President / Hockey Director,info@buffalojrsabres.com,,buffalojrsabres.com,email,Quick question about Buffalo Jr. Sabres's registration setup,"Hi Pat,

I came across Buffalo Jr. Sabres while mapping top Hockey programs in Northeast — impressive what you've built. I noticed you're handling registration and payments through a custom setup, which usually means you've outgrown what the off-the-shelf platforms offer.

We work with programs like yours to modernize payment collection — better parent UX, faster reconciliation, lower processing fees — without disrupting what's already working. No platform lock-in, no long-term contracts.

Would 15 minutes this week make sense? Happy to show you what it looks like for a program at Buffalo Jr. Sabres's level.

Best,
[Your Name]
[Company] | [Phone]"
Hockey,Buffalo Jr. Sabres,buffalojrsabres.com,PayPal (direct),1,DIY/Custom/Unknown — highest switching potential,100,750,Northeast,2,Sean Wallace,Executive Director (20U),sean.wallace@harborcenter.com,,Harbor Center / Buffalo Jr. Sabres,email,Quick question about Buffalo Jr. Sabres's registration setup,"Hi Sean,

I came across Buffalo Jr. Sabres while mapping top Hockey programs in Northeast — impressive what you've built. I noticed you're handling registration and payments through a custom setup, which usually means you've outgrown what the off-the-shelf platforms offer.

We work with programs like yours to modernize payment collection — better parent UX, faster reconciliation, lower processing fees — without disrupting what's already working. No platform lock-in, no long-term contracts.

Would 15 minutes this week make sense? Happy to show you what it looks like for a program at Buffalo Jr. Sabres's level.

Best,
[Your Name]
[Company] | [Phone]"
Hockey,Dallas Stars Elite,dallasstarselite.com,SportsEngine,3,"Entrenched (SportsEngine) — low switching, but high volume",100,750,South,1,Research Required,Executive Director,info@dallasstarselite.com,,dallasstarselite.com,linkedin,Payment fees for Dallas Stars Elite on SportsEngine — worth a look,Hi there — Dallas Stars Elite is one of the top Hockey programs in the country. I work with similar clubs on reducing payment processing costs and improving family payment experience. Would a quick 15-minute conversation make sense?
Hockey,Dallas Stars Elite,dallasstarselite.com,SportsEngine,3,"Entrenched (SportsEngine) — low switching, but high volume",100,750,South,2,Research Required,Hockey Director,,,Visit dsehc.sportngin.com,linkedin,Payment fees for Dallas Stars Elite on SportsEngine — worth a look,Hi there — Dallas Stars Elite is one of the top Hockey programs in the country. I work with similar clubs on reducing payment processing costs and improving family payment experience. Would a quick 15-minute conversation make sense?
Hockey,Carolina Jr. Hurricanes,juniorhurricanes.com,LeagueApps,3,"Entrenched (LeagueApps) — low switching, but high volume",100,750,Southeast,1,Research Required,Executive Director,info@juniorhurricanes.com,,juniorhurricanes.com,linkedin,A note for Carolina Jr. Hurricanes on LeagueApps payment costs,Hi there — Carolina Jr. Hurricanes is one of the top Hockey programs in the country. I work with similar clubs on reducing payment processing costs and improving family payment experience. Would a quick 15-minute conversation make sense?
Hockey,Carolina Jr. Hurricanes,juniorhurricanes.com,LeagueApps,3,"Entrenched (LeagueApps) — low switching, but high volume",100,750,Southeast,2,Research Required,Hockey Director,,,Visit juniorhurricanes.leagueapps.com,linkedin,A note for Carolina Jr. Hurricanes on LeagueApps payment costs,Hi there — Carolina Jr. Hurricanes is one of the top Hockey programs in the country. I work with similar clubs on reducing payment processing costs and improving family payment experience. Would a quick 15-minute conversation make sense?
Hockey,Omaha AAA Hockey,omahaahockey.com,Crossbar,2,Small platform (Crossbar) — upgrade opportunity,100,750,Midwest,1,David Wilkie,President,info@omahaaaahockeyclub.com,,omahaahockey.com,email,For Omaha AAA Hockey on Crossbar — a quick thought,"Hi David,

I noticed Omaha AAA Hockey is running on Crossbar — great choice for team management and schedules. We work alongside Crossbar with several elite Hockey clubs to handle the payment layer specifically: processing fees, failed payments, and manual reconciliation are often where clubs feel the most friction.

We layer in cleanly without replacing Crossbar for everything it does well. Worth 15 minutes to show you how it works for a club your size?

Best,
[Your Name]
[Company] | [Phone]"
Hockey,Omaha AAA Hockey,omahaahockey.com,Crossbar,2,Small platform (Crossbar) — upgrade opportunity,100,750,Midwest,2,Research Required,Club Administrator,,,Visit omahaahockey.com/contact,linkedin,For Omaha AAA Hockey on Crossbar — a quick thought,"Hi there — noticed Omaha AAA Hockey is on Crossbar. We work with several Crossbar Hockey clubs to reduce the payment friction layer (fees, failed cards, reconciliation). Would a quick 15-min call be worth it?"
Hockey,Green Bay Jr. Gamblers,gbjrgamblers.com,Crossbar,2,Small platform (Crossbar) — upgrade opportunity,100,750,Midwest,1,Research Required,Executive Director,info@gbjrgamblers.com,,gbjrgamblers.com,linkedin,For Green Bay Jr. Gamblers on Crossbar — a quick thought,"Hi there — noticed Green Bay Jr. Gamblers is on Crossbar. We work with several Crossbar Hockey clubs to reduce the payment friction layer (fees, failed cards, reconciliation). Would a quick 15-min call be worth it?"
Hockey,Green Bay Jr. Gamblers,gbjrgamblers.com,Crossbar,2,Small platform (Crossbar) — upgrade opportunity,100,750,Midwest,2,Research Required,Club Administrator,,,Visit gbjrgamblers.com.app.crossbar.org,linkedin,For Green Bay Jr. Gamblers on Crossbar — a quick thought,"Hi there — noticed Green Bay Jr. Gamblers is on Crossbar. We work with several Crossbar Hockey clubs to reduce the payment friction layer (fees, failed cards, reconciliation). Would a quick 15-min call be worth it?"
Hockey,North Jersey Avalanche,northjerseyavalanche.com,Unknown / Custom,1,DIY/Custom/Unknown — highest switching potential,100,750,Northeast,1,Research Required,Hockey Director / Owner,,,northjerseyavalanche.com — research staff page,linkedin,Quick question about North Jersey Avalanche's registration setup,Hi there — I came across North Jersey Avalanche while researching elite Hockey programs in Northeast. Quick question: have you explored alternatives to your current payment/registration setup? We work with similar clubs and typically save them time and money without disrupting what's already working. Worth a quick 15-min chat?
Hockey,North Jersey Avalanche,northjerseyavalanche.com,Unknown / Custom,1,DIY/Custom/Unknown — highest switching potential,100,750,Northeast,2,Research Required,Club Administrator,,,Manual research required,linkedin,Quick question about North Jersey Avalanche's registration setup,Hi there — I came across North Jersey Avalanche while researching elite Hockey programs in Northeast. Quick question: have you explored alternatives to your current payment/registration setup? We work with similar clubs and typically save them time and money without disrupting what's already working. Worth a quick 15-min chat?
Hockey,Nashville Jr. Predators,jrpredators.com,LeagueApps,3,"Entrenched (LeagueApps) — low switching, but high volume",100,750,Southeast,1,Research Required,Executive Director,info@jrpredators.com,,jrpredators.com,linkedin,A note for Nashville Jr. Predators on LeagueApps payment costs,Hi there — Nashville Jr. Predators is one of the top Hockey programs in the country. I work with similar clubs on reducing payment processing costs and improving family payment experience. Would a quick 15-minute conversation make sense?
Hockey,Nashville Jr. Predators,jrpredators.com,LeagueApps,3,"Entrenched (LeagueApps) — low switching, but high volume",100,750,Southeast,2,Research Required,Hockey Director,,,Visit jrpredators.leagueapps.com,linkedin,A note for Nashville Jr. Predators on LeagueApps payment costs,Hi there — Nashville Jr. Predators is one of the top Hockey programs in the country. I work with similar clubs on reducing payment processing costs and improving family payment experience. Would a quick 15-minute conversation make sense?
Hockey,Connecticut Polar Bears,ctpb.com,Crossbar,2,Small platform (Crossbar) — upgrade opportunity,100,750,Northeast,1,Kathy Pippy,Director of Girls Hockey,info@ctpb.com,,ctpb.com,email,For Connecticut Polar Bears on Crossbar — a quick thought,"Hi Kathy,

I noticed Connecticut Polar Bears is running on Crossbar — great choice for team management and schedules. We work alongside Crossbar with several elite Hockey clubs to handle the payment layer specifically: processing fees, failed payments, and manual reconciliation are often where clubs feel the most friction.

We layer in cleanly without replacing Crossbar for everything it does well. Worth 15 minutes to show you how it works for a club your size?

Best,
[Your Name]
[Company] | [Phone]"
Hockey,Connecticut Polar Bears,ctpb.com,Crossbar,2,Small platform (Crossbar) — upgrade opportunity,100,750,Northeast,2,Research Required,Boys Hockey Director,,,Visit ctpb.com/staff,linkedin,For Connecticut Polar Bears on Crossbar — a quick thought,"Hi there — noticed Connecticut Polar Bears is on Crossbar. We work with several Crossbar Hockey clubs to reduce the payment friction layer (fees, failed cards, reconciliation). Would a quick 15-min call be worth it?"
Hockey,Phoenix Jr. Coyotes,jrcoyotes.org,SportsEngine,3,"Entrenched (SportsEngine) — low switching, but high volume",100,750,Southwest,1,Research Required,Executive Director,info@jrcoyotes.org,,jrcoyotes.org,linkedin,Payment fees for Phoenix Jr. Coyotes on SportsEngine — worth a look,Hi there — Phoenix Jr. Coyotes is one of the top Hockey programs in the country. I work with similar clubs on reducing payment processing costs and improving family payment experience. Would a quick 15-minute conversation make sense?
Hockey,Phoenix Jr. Coyotes,jrcoyotes.org,SportsEngine,3,"Entrenched (SportsEngine) — low switching, but high volume",100,750,Southwest,2,Research Required,Hockey Director,,,Visit jrcoyotes.sportngin.com,linkedin,Payment fees for Phoenix Jr. Coyotes on SportsEngine — worth a look,Hi there — Phoenix Jr. Coyotes is one of the top Hockey programs in the country. I work with similar clubs on reducing payment processing costs and improving family payment experience. Would a quick 15-minute conversation make sense?
Hockey,Western Mass Warriors,westernmasswarriors.com,Unknown / Custom,1,DIY/Custom/Unknown — highest switching potential,100,750,Northeast,1,Research Required,Hockey Director,,,westernmasswarriors.com — verify org exists,linkedin,Quick question about Western Mass Warriors's registration setup,Hi there — I came across Western Mass Warriors while researching elite Hockey programs in Northeast. Quick question: have you explored alternatives to your current payment/registration setup? We work with similar clubs and typically save them time and money without disrupting what's already working. Worth a quick 15-min chat?
Hockey,Western Mass Warriors,westernmasswarriors.com,Unknown / Custom,1,DIY/Custom/Unknown — highest switching potential,100,750,Northeast,2,Research Required,Club Administrator,,,Manual research required,linkedin,Quick question about Western Mass Warriors's registration setup,Hi there — I came across Western Mass Warriors while researching elite Hockey programs in Northeast. Quick question: have you explored alternatives to your current payment/registration setup? We work with similar clubs and typically save them time and money without disrupting what's already working. Worth a quick 15-min chat?
Hockey,Minnesota Wild Youth,mnwildhockey.com,SportsEngine,3,"Entrenched (SportsEngine) — low switching, but high volume",100,750,Midwest,1,Research Required,Executive Director,info@mnwildhockey.com,,mnwildhockey.com,linkedin,Payment fees for Minnesota Wild Youth on SportsEngine — worth a look,Hi there — Minnesota Wild Youth is one of the top Hockey programs in the country. I work with similar clubs on reducing payment processing costs and improving family payment experience. Would a quick 15-minute conversation make sense?
Hockey,Minnesota Wild Youth,mnwildhockey.com,SportsEngine,3,"Entrenched (SportsEngine) — low switching, but high volume",100,750,Midwest,2,Research Required,Hockey Director,,,Visit wildicehockey.sportngin.com,linkedin,Payment fees for Minnesota Wild Youth on SportsEngine — worth a look,Hi there — Minnesota Wild Youth is one of the top Hockey programs in the country. I work with similar clubs on reducing payment processing costs and improving family payment experience. Would a quick 15-minute conversation make sense?
Hockey,Los Angeles Jr. Kings,lajrkings.com,SportsEngine,3,"Entrenched (SportsEngine) — low switching, but high volume",100,750,West,1,Research Required,Executive Director,info@lajrkings.com,,lajrkings.com,linkedin,Payment fees for Los Angeles Jr. Kings on SportsEngine — worth a look,Hi there — Los Angeles Jr. Kings is one of the top Hockey programs in the country. I work with similar clubs on reducing payment processing costs and improving family payment experience. Would a quick 15-minute conversation make sense?
Hockey,Los Angeles Jr. Kings,lajrkings.com,SportsEngine,3,"Entrenched (SportsEngine) — low switching, but high volume",100,750,West,2,Research Required,Hockey Director,,,Visit lajrkings.sportngin.com,linkedin,Payment fees for Los Angeles Jr. Kings on SportsEngine — worth a look,Hi there — Los Angeles Jr. Kings is one of the top Hockey programs in the country. I work with similar clubs on reducing payment processing costs and improving family payment experience. Would a quick 15-minute conversation make sense?
Hockey,San Jose Jr. Sharks,jrsharkshockey.com,SportsEngine,3,"Entrenched (SportsEngine) — low switching, but high volume",100,750,West,1,Research Required,Executive Director,info@jrsharkshockey.com,,jrsharkshockey.com,linkedin,Payment fees for San Jose Jr. Sharks on SportsEngine — worth a look,Hi there — San Jose Jr. Sharks is one of the top Hockey programs in the country. I work with similar clubs on reducing payment processing costs and improving family payment experience. Would a quick 15-minute conversation make sense?
Hockey,San Jose Jr. Sharks,jrsharkshockey.com,SportsEngine,3,"Entrenched (SportsEngine) — low switching, but high volume",100,750,West,2,Research Required,Hockey Director,,,Visit jrsharkshockey.sportngin.com,linkedin,Payment fees for San Jose Jr. Sharks on SportsEngine — worth a look,Hi there — San Jose Jr. Sharks is one of the top Hockey programs in the country. I work with similar clubs on reducing payment processing costs and improving family payment experience. Would a quick 15-minute conversation make sense?
Soccer,RSL Arizona,rsl-az.com,SportsEngine,3,"Entrenched (SportsEngine) — low switching, but high volume",50,500,Southwest,1,Research Required,Executive Director,info@rsl-az.com,,rsl-az.com,linkedin,Payment fees for RSL Arizona on SportsEngine — worth a look,Hi there — RSL Arizona is one of the top Soccer programs in the country. I work with similar clubs on reducing payment processing costs and improving family payment experience. Would a quick 15-minute conversation make sense?
Soccer,RSL Arizona,rsl-az.com,SportsEngine,3,"Entrenched (SportsEngine) — low switching, but high volume",50,500,Southwest,2,Research Required,Academy Director,,,Visit rsl-az.sportngin.com,linkedin,Payment fees for RSL Arizona on SportsEngine — worth a look,Hi there — RSL Arizona is one of the top Soccer programs in the country. I work with similar clubs on reducing payment processing costs and improving family payment experience. Would a quick 15-minute conversation make sense?
Soccer,Michigan Hawks,michiganhawks.com,Custom (BYGA),1,DIY/Custom/Unknown — highest switching potential,50,500,Midwest,1,Doug Landefeld,Executive Director,doug@hawks.soccer,,michiganhawks.com,email,Quick question about Michigan Hawks's registration setup,"Hi Doug,

I came across Michigan Hawks while mapping top Soccer programs in Midwest — impressive what you've built. I noticed you're handling registration and payments through a custom setup, which usually means you've outgrown what the off-the-shelf platforms offer.

We work with programs like yours to modernize payment collection — better parent UX, faster reconciliation, lower processing fees — without disrupting what's already working. No platform lock-in, no long-term contracts.

Would 15 minutes this week make sense? Happy to show you what it looks like for a program at Michigan Hawks's level.

Best,
[Your Name]
[Company] | [Phone]"
Soccer,Michigan Hawks,michiganhawks.com,Custom (BYGA),1,DIY/Custom/Unknown — highest switching potential,50,500,Midwest,2,Michele Krzisnik,Director of Coaching,mrkrzisnik@gmail.com,,michiganhawks.com staff page,email,Quick question about Michigan Hawks's registration setup,"Hi Michele,

I came across Michigan Hawks while mapping top Soccer programs in Midwest — impressive what you've built. I noticed you're handling registration and payments through a custom setup, which usually means you've outgrown what the off-the-shelf platforms offer.

We work with programs like yours to modernize payment collection — better parent UX, faster reconciliation, lower processing fees — without disrupting what's already working. No platform lock-in, no long-term contracts.

Would 15 minutes this week make sense? Happy to show you what it looks like for a program at Michigan Hawks's level.

Best,
[Your Name]
[Company] | [Phone]"
Soccer,Sockers FC Chicago,sockersfc.com,SportsEngine,3,"Entrenched (SportsEngine) — low switching, but high volume",50,500,Midwest,1,Research Required,Executive Director,info@sockersfc.com,,sockersfc.com,linkedin,Payment fees for Sockers FC Chicago on SportsEngine — worth a look,Hi there — Sockers FC Chicago is one of the top Soccer programs in the country. I work with similar clubs on reducing payment processing costs and improving family payment experience. Would a quick 15-minute conversation make sense?
Soccer,Sockers FC Chicago,sockersfc.com,SportsEngine,3,"Entrenched (SportsEngine) — low switching, but high volume",50,500,Midwest,2,Research Required,Club Administrator,,,Visit sportsengine.com/org/sockers-fc-chicago,linkedin,Payment fees for Sockers FC Chicago on SportsEngine — worth a look,Hi there — Sockers FC Chicago is one of the top Soccer programs in the country. I work with similar clubs on reducing payment processing costs and improving family payment experience. Would a quick 15-minute conversation make sense?
Soccer,Ohio Premier Soccer,ohiopremier.com,SportsEngine,3,"Entrenched (SportsEngine) — low switching, but high volume",50,500,Midwest,1,Research Required,Executive Director,info@ohiopremier.com,,ohiopremier.com,linkedin,Payment fees for Ohio Premier Soccer on SportsEngine — worth a look,Hi there — Ohio Premier Soccer is one of the top Soccer programs in the country. I work with similar clubs on reducing payment processing costs and improving family payment experience. Would a quick 15-minute conversation make sense?
Soccer,Ohio Premier Soccer,ohiopremier.com,SportsEngine,3,"Entrenched (SportsEngine) — low switching, but high volume",50,500,Midwest,2,Research Required,Club Administrator,,,Visit ohiopremier.sportngin.com,linkedin,Payment fees for Ohio Premier Soccer on SportsEngine — worth a look,Hi there — Ohio Premier Soccer is one of the top Soccer programs in the country. I work with similar clubs on reducing payment processing costs and improving family payment experience. Would a quick 15-minute conversation make sense?
Soccer,GPS Massachusetts,gpsmassachusetts.com,SportsEngine,3,"Entrenched (SportsEngine) — low switching, but high volume",50,500,Northeast,1,Research Required,Executive Director,info@gpsmassachusetts.com,,gpsmassachusetts.com,linkedin,Payment fees for GPS Massachusetts on SportsEngine — worth a look,Hi there — GPS Massachusetts is one of the top Soccer programs in the country. I work with similar clubs on reducing payment processing costs and improving family payment experience. Would a quick 15-minute conversation make sense?
Soccer,GPS Massachusetts,gpsmassachusetts.com,SportsEngine,3,"Entrenched (SportsEngine) — low switching, but high volume",50,500,Northeast,2,Research Required,Club Administrator,,,Visit gpsmassachusetts.sportngin.com,linkedin,Payment fees for GPS Massachusetts on SportsEngine — worth a look,Hi there — GPS Massachusetts is one of the top Soccer programs in the country. I work with similar clubs on reducing payment processing costs and improving family payment experience. Would a quick 15-minute conversation make sense?
Soccer,Weston FC,westonfc.org,Stack Sports (GotSport),3,"Entrenched (Stack Sports) — low switching, but high volume",50,500,Southeast,1,Research Required,Executive Director,info@westonfc.org,,westonfc.org,linkedin,Payment optimization question for Weston FC,Hi there — Weston FC is one of the top Soccer programs in the country. I work with similar clubs on reducing payment processing costs and improving family payment experience. Would a quick 15-minute conversation make sense?
Soccer,Weston FC,westonfc.org,Stack Sports (GotSport),3,"Entrenched (Stack Sports) — low switching, but high volume",50,500,Southeast,2,Research Required,Registrar,,,Visit westonfc.org/contact,linkedin,Payment optimization question for Weston FC,Hi there — Weston FC is one of the top Soccer programs in the country. I work with similar clubs on reducing payment processing costs and improving family payment experience. Would a quick 15-minute conversation make sense?
Soccer,Beach FC,beachfc.com,SportsEngine,3,"Entrenched (SportsEngine) — low switching, but high volume",50,500,Mid-Atlantic,1,Research Required,Executive Director,info@beachfc.com,,beachfc.com,linkedin,Payment fees for Beach FC on SportsEngine — worth a look,Hi there — Beach FC is one of the top Soccer programs in the country. I work with similar clubs on reducing payment processing costs and improving family payment experience. Would a quick 15-minute conversation make sense?
Soccer,Beach FC,beachfc.com,SportsEngine,3,"Entrenched (SportsEngine) — low switching, but high volume",50,500,Mid-Atlantic,2,Research Required,Club Administrator,,,Visit beachfc.sportngin.com,linkedin,Payment fees for Beach FC on SportsEngine — worth a look,Hi there — Beach FC is one of the top Soccer programs in the country. I work with similar clubs on reducing payment processing costs and improving family payment experience. Would a quick 15-minute conversation make sense?
Soccer,Crossfire Premier,crossfirepremier.com,SportsEngine,3,"Entrenched (SportsEngine) — low switching, but high volume",50,500,Northwest,1,Research Required,Executive Director,info@crossfirepremier.com,,crossfirepremier.com,linkedin,Payment fees for Crossfire Premier on SportsEngine — worth a look,Hi there — Crossfire Premier is one of the top Soccer programs in the country. I work with similar clubs on reducing payment processing costs and improving family payment experience. Would a quick 15-minute conversation make sense?
Soccer,Crossfire Premier,crossfirepremier.com,SportsEngine,3,"Entrenched (SportsEngine) — low switching, but high volume",50,500,Northwest,2,Research Required,Club Administrator,,,Visit crossfirepremier.sportngin.com,linkedin,Payment fees for Crossfire Premier on SportsEngine — worth a look,Hi there — Crossfire Premier is one of the top Soccer programs in the country. I work with similar clubs on reducing payment processing costs and improving family payment experience. Would a quick 15-minute conversation make sense?
Soccer,Florida Premier FC,floridapremierfc.com,SportsEngine,3,"Entrenched (SportsEngine) — low switching, but high volume",50,500,Southeast,1,Research Required,Executive Director,info@floridapremierfc.com,,floridapremierfc.com,linkedin,Payment fees for Florida Premier FC on SportsEngine — worth a look,Hi there — Florida Premier FC is one of the top Soccer programs in the country. I work with similar clubs on reducing payment processing costs and improving family payment experience. Would a quick 15-minute conversation make sense?
Soccer,Florida Premier FC,floridapremierfc.com,SportsEngine,3,"Entrenched (SportsEngine) — low switching, but high volume",50,500,Southeast,2,Research Required,Club Administrator,,,Visit floridapremierfc.sportngin.com,linkedin,Payment fees for Florida Premier FC on SportsEngine — worth a look,Hi there — Florida Premier FC is one of the top Soccer programs in the country. I work with similar clubs on reducing payment processing costs and improving family payment experience. Would a quick 15-minute conversation make sense?
Soccer,FC Stars Massachusetts,fcstars.org,PlayMetrics,3,"Entrenched (PlayMetrics) — low switching, but high volume",50,500,Northeast,1,Research Required,Executive Director,info@fcstars.org,,fcstars.org,linkedin,Payment optimization question for FC Stars Massachusetts,Hi there — FC Stars Massachusetts is one of the top Soccer programs in the country. I work with similar clubs on reducing payment processing costs and improving family payment experience. Would a quick 15-minute conversation make sense?
Soccer,FC Stars Massachusetts,fcstars.org,PlayMetrics,3,"Entrenched (PlayMetrics) — low switching, but high volume",50,500,Northeast,2,Research Required,Club Administrator,,,Visit fcstars.org/contact,linkedin,Payment optimization question for FC Stars Massachusetts,Hi there — FC Stars Massachusetts is one of the top Soccer programs in the country. I work with similar clubs on reducing payment processing costs and improving family payment experience. Would a quick 15-minute conversation make sense?
Soccer,St. Louis Scott Gallagher,slsgsoccer.com,SportsEngine,3,"Entrenched (SportsEngine) — low switching, but high volume",50,500,Midwest,1,Brad Davis,President,info@slsgsoccer.com,,slsgsoccer.com/staff,email,Payment fees for St. Louis Scott Gallagher on SportsEngine — worth a look,"Hi Brad,

St. Louis Scott Gallagher's reputation in Soccer speaks for itself. I'm reaching out because clubs your size on SportsEngine typically absorb 2.9–3.5% on every transaction in processing fees — we've helped similar programs cut that meaningfully while keeping the registration experience families already know.

Would a 15-minute call be worth it to see the numbers?

Best,
[Your Name]
[Company] | [Phone]"
Soccer,St. Louis Scott Gallagher,slsgsoccer.com,SportsEngine,3,"Entrenched (SportsEngine) — low switching, but high volume",50,500,Midwest,2,Research Required,Executive Director,,,Visit slsgsoccer.com/staff,linkedin,Payment fees for St. Louis Scott Gallagher on SportsEngine — worth a look,Hi there — St. Louis Scott Gallagher is one of the top Soccer programs in the country. I work with similar clubs on reducing payment processing costs and improving family payment experience. Would a quick 15-minute conversation make sense?
Soccer,Heat FC (San Diego),heatfc.com,Custom (Elite Soccer Clubs),1,DIY/Custom/Unknown — highest switching potential,50,500,West,1,Research Required,Executive Director / President,info@heatfc.com,,heatfc.com,linkedin,Quick question about Heat FC (San Diego)'s registration setup,Hi there — I came across Heat FC (San Diego) while researching elite Soccer programs in West. Quick question: have you explored alternatives to your current payment/registration setup? We work with similar clubs and typically save them time and money without disrupting what's already working. Worth a quick 15-min chat?
Soccer,Heat FC (San Diego),heatfc.com,Custom (Elite Soccer Clubs),1,DIY/Custom/Unknown — highest switching potential,50,500,West,2,Research Required,Club Administrator,,,Visit fcheat.elitesoccerclubs.com,linkedin,Quick question about Heat FC (San Diego)'s registration setup,Hi there — I came across Heat FC (San Diego) while researching elite Soccer programs in West. Quick question: have you explored alternatives to your current payment/registration setup? We work with similar clubs and typically save them time and money without disrupting what's already working. Worth a quick 15-min chat?
Soccer,Albion SC,albionsc.com,SportsEngine,3,"Entrenched (SportsEngine) — low switching, but high volume",50,500,West,1,Research Required,Executive Director,info@albionsc.com,,albionsc.com,linkedin,Payment fees for Albion SC on SportsEngine — worth a look,Hi there — Albion SC is one of the top Soccer programs in the country. I work with similar clubs on reducing payment processing costs and improving family payment experience. Would a quick 15-minute conversation make sense?
Soccer,Albion SC,albionsc.com,SportsEngine,3,"Entrenched (SportsEngine) — low switching, but high volume",50,500,West,2,Research Required,Club Administrator,,,Visit sportsengine.com/org/albion-sc,linkedin,Payment fees for Albion SC on SportsEngine — worth a look,Hi there — Albion SC is one of the top Soccer programs in the country. I work with similar clubs on reducing payment processing costs and improving family payment experience. Would a quick 15-minute conversation make sense?
Soccer,Charlotte Soccer Academy,charlottesocceracademy.com,LeagueApps,3,"Entrenched (LeagueApps) — low switching, but high volume",50,500,Southeast,1,Research Required,Executive Director,info@charlottesocceracademy.com,,charlottesocceracademy.com,linkedin,A note for Charlotte Soccer Academy on LeagueApps payment costs,Hi there — Charlotte Soccer Academy is one of the top Soccer programs in the country. I work with similar clubs on reducing payment processing costs and improving family payment experience. Would a quick 15-minute conversation make sense?
Soccer,Charlotte Soccer Academy,charlottesocceracademy.com,LeagueApps,3,"Entrenched (LeagueApps) — low switching, but high volume",50,500,Southeast,2,Research Required,Club Administrator,,,Visit charlottesocceracademy.leagueapps.com,linkedin,A note for Charlotte Soccer Academy on LeagueApps payment costs,Hi there — Charlotte Soccer Academy is one of the top Soccer programs in the country. I work with similar clubs on reducing payment processing costs and improving family payment experience. Would a quick 15-minute conversation make sense?
Soccer,Tampa Bay United,tampabayunited.com,SportsEngine,3,"Entrenched (SportsEngine) — low switching, but high volume",50,500,Southeast,1,Research Required,Executive Director,info@tampabayunited.com,,tampabayunited.com,linkedin,Payment fees for Tampa Bay United on SportsEngine — worth a look,Hi there — Tampa Bay United is one of the top Soccer programs in the country. I work with similar clubs on reducing payment processing costs and improving family payment experience. Would a quick 15-minute conversation make sense?
Soccer,Tampa Bay United,tampabayunited.com,SportsEngine,3,"Entrenched (SportsEngine) — low switching, but high volume",50,500,Southeast,2,Research Required,Club Administrator,,,Visit sportsengine.com/org/tampa-bay-united,linkedin,Payment fees for Tampa Bay United on SportsEngine — worth a look,Hi there — Tampa Bay United is one of the top Soccer programs in the country. I work with similar clubs on reducing payment processing costs and improving family payment experience. Would a quick 15-minute conversation make sense?
Basketball,Expressions Elite,expressionselite.com,SportsEngine,3,"Entrenched (SportsEngine) — low switching, but high volume",30,200,Mid-Atlantic,1,Research Required,Executive Director,info@expressionselite.com,,expressionselite.com,linkedin,Payment fees for Expressions Elite on SportsEngine — worth a look,Hi there — Expressions Elite is one of the top Basketball programs in the country. I work with similar clubs on reducing payment processing costs and improving family payment experience. Would a quick 15-minute conversation make sense?
Basketball,Expressions Elite,expressionselite.com,SportsEngine,3,"Entrenched (SportsEngine) — low switching, but high volume",30,200,Mid-Atlantic,2,Research Required,Program Director,,,Visit sportsengine.com/org/expressions-elite,linkedin,Payment fees for Expressions Elite on SportsEngine — worth a look,Hi there — Expressions Elite is one of the top Basketball programs in the country. I work with similar clubs on reducing payment processing costs and improving family payment experience. Would a quick 15-minute conversation make sense?
Basketball,Drive Nation,drivenation.com,DaySmart Recreation,3,"Entrenched (DaySmart Recreation) — low switching, but high volume",30,200,South,1,Research Required,Founder / Director,info@drivenation.com,,drivenation.com,linkedin,Payment optimization question for Drive Nation,Hi there — Drive Nation is one of the top Basketball programs in the country. I work with similar clubs on reducing payment processing costs and improving family payment experience. Would a quick 15-minute conversation make sense?
Basketball,Drive Nation,drivenation.com,DaySmart Recreation,3,"Entrenched (DaySmart Recreation) — low switching, but high volume",30,200,South,2,Research Required,Program Director,,,Visit drivenation.com/contact,linkedin,Payment optimization question for Drive Nation,Hi there — Drive Nation is one of the top Basketball programs in the country. I work with similar clubs on reducing payment processing costs and improving family payment experience. Would a quick 15-minute conversation make sense?
Basketball,Mass Rivals,massrivals.com,SportsEngine,3,"Entrenched (SportsEngine) — low switching, but high volume",30,200,Northeast,1,Vin Pastore,Program Director,questions@rivalsbasketball.com,,ZoomInfo / rivalsbasketball.com (3 Step Sports LLC),email,Payment fees for Mass Rivals on SportsEngine — worth a look,"Hi Vin,

Mass Rivals's reputation in Basketball speaks for itself. I'm reaching out because clubs your size on SportsEngine typically absorb 2.9–3.5% on every transaction in processing fees — we've helped similar programs cut that meaningfully while keeping the registration experience families already know.

Would a 15-minute call be worth it to see the numbers?

Best,
[Your Name]
[Company] | [Phone]"
Basketball,Mass Rivals,massrivals.com,SportsEngine,3,"Entrenched (SportsEngine) — low switching, but high volume",30,200,Northeast,2,Research Required,Executive Director,,,Visit massrivals.sportngin.com,linkedin,Payment fees for Mass Rivals on SportsEngine — worth a look,Hi there — Mass Rivals is one of the top Basketball programs in the country. I work with similar clubs on reducing payment processing costs and improving family payment experience. Would a quick 15-minute conversation make sense?
Basketball,King James Shooting Stars,shootingstarsbball.com,LeagueApps,3,"Entrenched (LeagueApps) — low switching, but high volume",30,200,Midwest,1,Research Required,Executive Director,info@shootingstarsbball.com,,shootingstarsbball.com (LeBron James Akron program),linkedin,A note for King James Shooting Stars on LeagueApps payment costs,Hi there — King James Shooting Stars is one of the top Basketball programs in the country. I work with similar clubs on reducing payment processing costs and improving family payment experience. Would a quick 15-minute conversation make sense?
Basketball,King James Shooting Stars,shootingstarsbball.com,LeagueApps,3,"Entrenched (LeagueApps) — low switching, but high volume",30,200,Midwest,2,Research Required,Program Director,,,Visit shootingstarsbb.leagueapps.com,linkedin,A note for King James Shooting Stars on LeagueApps payment costs,Hi there — King James Shooting Stars is one of the top Basketball programs in the country. I work with similar clubs on reducing payment processing costs and improving family payment experience. Would a quick 15-minute conversation make sense?
Basketball,Georgia Stars,gastars.org,Custom (WordPress),1,DIY/Custom/Unknown — highest switching potential,30,200,Southeast,1,Research Required,Executive Director,info@gastars.org,,gastars.org,linkedin,Quick question about Georgia Stars's registration setup,Hi there — I came across Georgia Stars while researching elite Basketball programs in Southeast. Quick question: have you explored alternatives to your current payment/registration setup? We work with similar clubs and typically save them time and money without disrupting what's already working. Worth a quick 15-min chat?
Basketball,Georgia Stars,gastars.org,Custom (WordPress),1,DIY/Custom/Unknown — highest switching potential,30,200,Southeast,2,Research Required,Program Director,,,Visit gastars.org/contact,linkedin,Quick question about Georgia Stars's registration setup,Hi there — I came across Georgia Stars while researching elite Basketball programs in Southeast. Quick question: have you explored alternatives to your current payment/registration setup? We work with similar clubs and typically save them time and money without disrupting what's already working. Worth a quick 15-min chat?
Basketball,Texas Titans,titanshoop.com,SportsEngine,3,"Entrenched (SportsEngine) — low switching, but high volume",30,200,South,1,Research Required,Executive Director,info@titanshoop.com,,titanshoop.com,linkedin,Payment fees for Texas Titans on SportsEngine — worth a look,Hi there — Texas Titans is one of the top Basketball programs in the country. I work with similar clubs on reducing payment processing costs and improving family payment experience. Would a quick 15-minute conversation make sense?
Basketball,Texas Titans,titanshoop.com,SportsEngine,3,"Entrenched (SportsEngine) — low switching, but high volume",30,200,South,2,Research Required,Program Director,,,Visit sportsengine.com/org/texas-titans-basketball,linkedin,Payment fees for Texas Titans on SportsEngine — worth a look,Hi there — Texas Titans is one of the top Basketball programs in the country. I work with similar clubs on reducing payment processing costs and improving family payment experience. Would a quick 15-minute conversation make sense?
Basketball,Colorado Hawks,coloradohawksbasketball.com,Unknown / Custom,1,DIY/Custom/Unknown — highest switching potential,30,200,Mountain West,1,Research Required,Founder / Director,,,coloradohawksbasketball.com — research required,linkedin,Quick question about Colorado Hawks's registration setup,Hi there — I came across Colorado Hawks while researching elite Basketball programs in Mountain West. Quick question: have you explored alternatives to your current payment/registration setup? We work with similar clubs and typically save them time and money without disrupting what's already working. Worth a quick 15-min chat?
Basketball,Colorado Hawks,coloradohawksbasketball.com,Unknown / Custom,1,DIY/Custom/Unknown — highest switching potential,30,200,Mountain West,2,Research Required,Program Director,,,Manual research required,linkedin,Quick question about Colorado Hawks's registration setup,Hi there — I came across Colorado Hawks while researching elite Basketball programs in Mountain West. Quick question: have you explored alternatives to your current payment/registration setup? We work with similar clubs and typically save them time and money without disrupting what's already working. Worth a quick 15-min chat?
Basketball,New England Playmakers,neplaymakers.com,LeagueApps,3,"Entrenched (LeagueApps) — low switching, but high volume",30,200,Northeast,1,Research Required,Executive Director,info@neplaymakers.com,,neplaymakers.com,linkedin,A note for New England Playmakers on LeagueApps payment costs,Hi there — New England Playmakers is one of the top Basketball programs in the country. I work with similar clubs on reducing payment processing costs and improving family payment experience. Would a quick 15-minute conversation make sense?
Basketball,New England Playmakers,neplaymakers.com,LeagueApps,3,"Entrenched (LeagueApps) — low switching, but high volume",30,200,Northeast,2,Research Required,Program Director,,,Visit neplaymakers.leagueapps.com,linkedin,A note for New England Playmakers on LeagueApps payment costs,Hi there — New England Playmakers is one of the top Basketball programs in the country. I work with similar clubs on reducing payment processing costs and improving family payment experience. Would a quick 15-minute conversation make sense?
Basketball,Team Texas,teamtexashoops.com,Unknown / Custom,1,DIY/Custom/Unknown — highest switching potential,30,200,South,1,Research Required,Founder / Director,,,teamtexashoops.com — research required,linkedin,Quick question about Team Texas's registration setup,Hi there — I came across Team Texas while researching elite Basketball programs in South. Quick question: have you explored alternatives to your current payment/registration setup? We work with similar clubs and typically save them time and money without disrupting what's already working. Worth a quick 15-min chat?
Basketball,Team Texas,teamtexashoops.com,Unknown / Custom,1,DIY/Custom/Unknown — highest switching potential,30,200,South,2,Research Required,Program Director,,,Manual research required,linkedin,Quick question about Team Texas's registration setup,Hi there — I came across Team Texas while researching elite Basketball programs in South. Quick question: have you explored alternatives to your current payment/registration setup? We work with similar clubs and typically save them time and money without disrupting what's already working. Worth a quick 15-min chat?
Basketball,Philly Pride,phillypridebball.com,LeagueApps,3,"Entrenched (LeagueApps) — low switching, but high volume",30,200,Mid-Atlantic,1,Research Required,Executive Director,info@phillypridebball.com,,phillypridebball.com,linkedin,A note for Philly Pride on LeagueApps payment costs,Hi there — Philly Pride is one of the top Basketball programs in the country. I work with similar clubs on reducing payment processing costs and improving family payment experience. Would a quick 15-minute conversation make sense?
Basketball,Philly Pride,phillypridebball.com,LeagueApps,3,"Entrenched (LeagueApps) — low switching, but high volume",30,200,Mid-Atlantic,2,Research Required,Program Director,,,Visit pridebasketball21usa.leagueapps.com,linkedin,A note for Philly Pride on LeagueApps payment costs,Hi there — Philly Pride is one of the top Basketball programs in the country. I work with similar clubs on reducing payment processing costs and improving family payment experience. Would a quick 15-minute conversation make sense?
Basketball,Houston Defenders,houstondefenders.com,Unknown / Custom,1,DIY/Custom/Unknown — highest switching potential,30,200,South,1,Research Required,Founder / Director,,,houstondefenders.com — research required,linkedin,Quick question about Houston Defenders's registration setup,Hi there — I came across Houston Defenders while researching elite Basketball programs in South. Quick question: have you explored alternatives to your current payment/registration setup? We work with similar clubs and typically save them time and money without disrupting what's already working. Worth a quick 15-min chat?
Basketball,Houston Defenders,houstondefenders.com,Unknown / Custom,1,DIY/Custom/Unknown — highest switching potential,30,200,South,2,Research Required,Program Director,,,Manual research required,linkedin,Quick question about Houston Defenders's registration setup,Hi there — I came across Houston Defenders while researching elite Basketball programs in South. Quick question: have you explored alternatives to your current payment/registration setup? We work with similar clubs and typically save them time and money without disrupting what's already working. Worth a quick 15-min chat?
Basketball,Dream Vision NY,dreamvisionny.com,Unknown / Custom,1,DIY/Custom/Unknown — highest switching potential,30,200,Northeast,1,Research Required,Founder / Director,,,dreamvisionny.com — research required,linkedin,Quick question about Dream Vision NY's registration setup,Hi there — I came across Dream Vision NY while researching elite Basketball programs in Northeast. Quick question: have you explored alternatives to your current payment/registration setup? We work with similar clubs and typically save them time and money without disrupting what's already working. Worth a quick 15-min chat?
Basketball,Dream Vision NY,dreamvisionny.com,Unknown / Custom,1,DIY/Custom/Unknown — highest switching potential,30,200,Northeast,2,Research Required,Program Director,,,Manual research required,linkedin,Quick question about Dream Vision NY's registration setup,Hi there — I came across Dream Vision NY while researching elite Basketball programs in Northeast. Quick question: have you explored alternatives to your current payment/registration setup? We work with similar clubs and typically save them time and money without disrupting what's already working. Worth a quick 15-min chat?
Basketball,Indiana Elite,indianaelitebasketball.com,Custom / PayPal,1,DIY/Custom/Unknown — highest switching potential,30,200,Midwest,1,Research Required,Founder / Director,info@indianaelitebasketball.com,,indianaelitebasketball.com,linkedin,Quick question about Indiana Elite's registration setup,Hi there — I came across Indiana Elite while researching elite Basketball programs in Midwest. Quick question: have you explored alternatives to your current payment/registration setup? We work with similar clubs and typically save them time and money without disrupting what's already working. Worth a quick 15-min chat?
Basketball,Indiana Elite,indianaelitebasketball.com,Custom / PayPal,1,DIY/Custom/Unknown — highest switching potential,30,200,Midwest,2,Research Required,Program Director,,,Visit indianaelitebasketball.com/contact,linkedin,Quick question about Indiana Elite's registration setup,Hi there — I came across Indiana Elite while researching elite Basketball programs in Midwest. Quick question: have you explored alternatives to your current payment/registration setup? We work with similar clubs and typically save them time and money without disrupting what's already working. Worth a quick 15-min chat?
Basketball,Oregon Nike Elite,oregonnike.org,Unknown / Custom,1,DIY/Custom/Unknown — highest switching potential,30,200,Northwest,1,Research Required,Founder / Director,,,oregonnike.org — research required,linkedin,Quick question about Oregon Nike Elite's registration setup,Hi there — I came across Oregon Nike Elite while researching elite Basketball programs in Northwest. Quick question: have you explored alternatives to your current payment/registration setup? We work with similar clubs and typically save them time and money without disrupting what's already working. Worth a quick 15-min chat?
Basketball,Oregon Nike Elite,oregonnike.org,Unknown / Custom,1,DIY/Custom/Unknown — highest switching potential,30,200,Northwest,2,Research Required,Program Director,,,Manual research required,linkedin,Quick question about Oregon Nike Elite's registration setup,Hi there — I came across Oregon Nike Elite while researching elite Basketball programs in Northwest. Quick question: have you explored alternatives to your current payment/registration setup? We work with similar clubs and typically save them time and money without disrupting what's already working. Worth a quick 15-min chat?
Basketball,Seattle Rotary,rotarystylebasketball.org,Custom (FreshBooks),1,DIY/Custom/Unknown — highest switching potential,30,200,Northwest,1,Research Required,Executive Director / Founder,info@rotarystylebasketball.org,,rotarystylebasketball.org (est. 1991),linkedin,Quick question about Seattle Rotary's registration setup,Hi there — I came across Seattle Rotary while researching elite Basketball programs in Northwest. Quick question: have you explored alternatives to your current payment/registration setup? We work with similar clubs and typically save them time and money without disrupting what's already working. Worth a quick 15-min chat?
Basketball,Seattle Rotary,rotarystylebasketball.org,Custom (FreshBooks),1,DIY/Custom/Unknown — highest switching potential,30,200,Northwest,2,Research Required,Program Director,,,Visit rotarystylebasketball.org/contact,linkedin,Quick question about Seattle Rotary's registration setup,Hi there — I came across Seattle Rotary while researching elite Basketball programs in Northwest. Quick question: have you explored alternatives to your current payment/registration setup? We work with similar clubs and typically save them time and money without disrupting what's already working. Worth a quick 15-min chat?
Lacrosse,Crabs Lacrosse,crabslax.com,LeagueApps,3,"Entrenched (LeagueApps) — low switching, but high volume",60,400,Mid-Atlantic,1,Research Required,Executive Director,info@crabslax.com,,crabslax.com (Maryland premier program),linkedin,A note for Crabs Lacrosse on LeagueApps payment costs,Hi there — Crabs Lacrosse is one of the top Lacrosse programs in the country. I work with similar clubs on reducing payment processing costs and improving family payment experience. Would a quick 15-minute conversation make sense?
Lacrosse,Crabs Lacrosse,crabslax.com,LeagueApps,3,"Entrenched (LeagueApps) — low switching, but high volume",60,400,Mid-Atlantic,2,Research Required,Club Administrator,,,Visit crabslax.leagueapps.com,linkedin,A note for Crabs Lacrosse on LeagueApps payment costs,Hi there — Crabs Lacrosse is one of the top Lacrosse programs in the country. I work with similar clubs on reducing payment processing costs and improving family payment experience. Would a quick 15-minute conversation make sense?
Lacrosse,Sweetlax Florida,sweetlaxflorida.com,LeagueApps,3,"Entrenched (LeagueApps) — low switching, but high volume",60,400,Southeast,1,Research Required,Executive Director,info@sweetlaxflorida.com,,sweetlaxflorida.com,linkedin,A note for Sweetlax Florida on LeagueApps payment costs,Hi there — Sweetlax Florida is one of the top Lacrosse programs in the country. I work with similar clubs on reducing payment processing costs and improving family payment experience. Would a quick 15-minute conversation make sense?
Lacrosse,Sweetlax Florida,sweetlaxflorida.com,LeagueApps,3,"Entrenched (LeagueApps) — low switching, but high volume",60,400,Southeast,2,Research Required,Club Administrator,,,Visit slflorida.leagueapps.com,linkedin,A note for Sweetlax Florida on LeagueApps payment costs,Hi there — Sweetlax Florida is one of the top Lacrosse programs in the country. I work with similar clubs on reducing payment processing costs and improving family payment experience. Would a quick 15-minute conversation make sense?
Lacrosse,Atlas Lacrosse Club,atlaslacroseclub.com,LeagueApps,3,"Entrenched (LeagueApps) — low switching, but high volume",60,400,Northeast,1,Research Required,Executive Director,info@atlaslacroseclub.com,,atlaslacroseclub.com (PLL Juniors NY Atlas),linkedin,A note for Atlas Lacrosse Club on LeagueApps payment costs,Hi there — Atlas Lacrosse Club is one of the top Lacrosse programs in the country. I work with similar clubs on reducing payment processing costs and improving family payment experience. Would a quick 15-minute conversation make sense?
Lacrosse,Atlas Lacrosse Club,atlaslacroseclub.com,LeagueApps,3,"Entrenched (LeagueApps) — low switching, but high volume",60,400,Northeast,2,Research Required,Club Administrator,,,Visit nyatlasyouth-pll.leagueapps.com,linkedin,A note for Atlas Lacrosse Club on LeagueApps payment costs,Hi there — Atlas Lacrosse Club is one of the top Lacrosse programs in the country. I work with similar clubs on reducing payment processing costs and improving family payment experience. Would a quick 15-minute conversation make sense?
Lacrosse,Lax Factory,laxfactory.com,LeagueApps,3,"Entrenched (LeagueApps) — low switching, but high volume",60,400,Mid-Atlantic,1,Research Required,Executive Director,info@laxfactory.com,,laxfactory.com,linkedin,A note for Lax Factory on LeagueApps payment costs,Hi there — Lax Factory is one of the top Lacrosse programs in the country. I work with similar clubs on reducing payment processing costs and improving family payment experience. Would a quick 15-minute conversation make sense?
Lacrosse,Lax Factory,laxfactory.com,LeagueApps,3,"Entrenched (LeagueApps) — low switching, but high volume",60,400,Mid-Atlantic,2,Research Required,Club Administrator,,,Visit laxfactory.leagueapps.com,linkedin,A note for Lax Factory on LeagueApps payment costs,Hi there — Lax Factory is one of the top Lacrosse programs in the country. I work with similar clubs on reducing payment processing costs and improving family payment experience. Would a quick 15-minute conversation make sense?
Lacrosse,DC Express Lacrosse,dcexpresslacrosse.com,LeagueApps,3,"Entrenched (LeagueApps) — low switching, but high volume",60,400,Mid-Atlantic,1,Research Required,Executive Director,info@dcexpresslacrosse.com,,dcexpresslacrosse.com,linkedin,A note for DC Express Lacrosse on LeagueApps payment costs,Hi there — DC Express Lacrosse is one of the top Lacrosse programs in the country. I work with similar clubs on reducing payment processing costs and improving family payment experience. Would a quick 15-minute conversation make sense?
Lacrosse,DC Express Lacrosse,dcexpresslacrosse.com,LeagueApps,3,"Entrenched (LeagueApps) — low switching, but high volume",60,400,Mid-Atlantic,2,Research Required,Club Administrator,,,Visit dcexpress.leagueapps.com,linkedin,A note for DC Express Lacrosse on LeagueApps payment costs,Hi there — DC Express Lacrosse is one of the top Lacrosse programs in the country. I work with similar clubs on reducing payment processing costs and improving family payment experience. Would a quick 15-minute conversation make sense?
Lacrosse,Pride Lacrosse New England,pridelacrosse.com,LeagueApps,3,"Entrenched (LeagueApps) — low switching, but high volume",60,400,Northeast,1,Research Required,Executive Director,info@pridelacrosse.com,,pridelacrosse.com,linkedin,A note for Pride Lacrosse New England on LeagueApps payment costs,Hi there — Pride Lacrosse New England is one of the top Lacrosse programs in the country. I work with similar clubs on reducing payment processing costs and improving family payment experience. Would a quick 15-minute conversation make sense?
Lacrosse,Pride Lacrosse New England,pridelacrosse.com,LeagueApps,3,"Entrenched (LeagueApps) — low switching, but high volume",60,400,Northeast,2,Research Required,Club Administrator,,,Visit pridelacrosse.leagueapps.com,linkedin,A note for Pride Lacrosse New England on LeagueApps payment costs,Hi there — Pride Lacrosse New England is one of the top Lacrosse programs in the country. I work with similar clubs on reducing payment processing costs and improving family payment experience. Would a quick 15-minute conversation make sense?
Lacrosse,Ultimate Lacrosse,ultimategoallacrosse.com,LeagueApps,3,"Entrenched (LeagueApps) — low switching, but high volume",60,400,Mid-Atlantic,1,Research Required,Executive Director,info@ultimategoallacrosse.com,,ultimategoallacrosse.com,linkedin,A note for Ultimate Lacrosse on LeagueApps payment costs,Hi there — Ultimate Lacrosse is one of the top Lacrosse programs in the country. I work with similar clubs on reducing payment processing costs and improving family payment experience. Would a quick 15-minute conversation make sense?
Lacrosse,Ultimate Lacrosse,ultimategoallacrosse.com,LeagueApps,3,"Entrenched (LeagueApps) — low switching, but high volume",60,400,Mid-Atlantic,2,Research Required,Club Administrator,,,Visit ultimategoallacrosse.leagueapps.com,linkedin,A note for Ultimate Lacrosse on LeagueApps payment costs,Hi there — Ultimate Lacrosse is one of the top Lacrosse programs in the country. I work with similar clubs on reducing payment processing costs and improving family payment experience. Would a quick 15-minute conversation make sense?
Lacrosse,CT Hammerheads,cthammerheads.com,SportsEngine,3,"Entrenched (SportsEngine) — low switching, but high volume",60,400,Northeast,1,Research Required,Executive Director,info@cthammerheads.com,,cthammerheads.com,linkedin,Payment fees for CT Hammerheads on SportsEngine — worth a look,Hi there — CT Hammerheads is one of the top Lacrosse programs in the country. I work with similar clubs on reducing payment processing costs and improving family payment experience. Would a quick 15-minute conversation make sense?
Lacrosse,CT Hammerheads,cthammerheads.com,SportsEngine,3,"Entrenched (SportsEngine) — low switching, but high volume",60,400,Northeast,2,Research Required,Club Administrator,,,Visit hammerheadlacrosse.sportngin.com,linkedin,Payment fees for CT Hammerheads on SportsEngine — worth a look,Hi there — CT Hammerheads is one of the top Lacrosse programs in the country. I work with similar clubs on reducing payment processing costs and improving family payment experience. Would a quick 15-minute conversation make sense?
Lacrosse,Big 4 Lacrosse,big4lacrosse.com,LeagueApps,3,"Entrenched (LeagueApps) — low switching, but high volume",60,400,Mid-Atlantic,1,Research Required,Executive Director,info@big4lacrosse.com,,big4lacrosse.com,linkedin,A note for Big 4 Lacrosse on LeagueApps payment costs,Hi there — Big 4 Lacrosse is one of the top Lacrosse programs in the country. I work with similar clubs on reducing payment processing costs and improving family payment experience. Would a quick 15-minute conversation make sense?
Lacrosse,Big 4 Lacrosse,big4lacrosse.com,LeagueApps,3,"Entrenched (LeagueApps) — low switching, but high volume",60,400,Mid-Atlantic,2,Research Required,Club Administrator,,,Visit big4lacrosseboys.leagueapps.com,linkedin,A note for Big 4 Lacrosse on LeagueApps payment costs,Hi there — Big 4 Lacrosse is one of the top Lacrosse programs in the country. I work with similar clubs on reducing payment processing costs and improving family payment experience. Would a quick 15-minute conversation make sense?
Lacrosse,Carolina LAX,carolinalax.com,LeagueApps,3,"Entrenched (LeagueApps) — low switching, but high volume",60,400,Southeast,1,Research Required,Executive Director,info@carolinalax.com,,carolinalax.com,linkedin,A note for Carolina LAX on LeagueApps payment costs,Hi there — Carolina LAX is one of the top Lacrosse programs in the country. I work with similar clubs on reducing payment processing costs and improving family payment experience. Would a quick 15-minute conversation make sense?
Lacrosse,Carolina LAX,carolinalax.com,LeagueApps,3,"Entrenched (LeagueApps) — low switching, but high volume",60,400,Southeast,2,Research Required,Club Administrator,,,Visit teamcarolinalax.leagueapps.com,linkedin,A note for Carolina LAX on LeagueApps payment costs,Hi there — Carolina LAX is one of the top Lacrosse programs in the country. I work with similar clubs on reducing payment processing costs and improving family payment experience. Would a quick 15-minute conversation make sense?
Volleyball,A5 Volleyball,a5volleyball.com,Custom (Sportwrench),1,DIY/Custom/Unknown — highest switching potential,40,350,Southeast,1,Gabe Aramian,Executive Director,info@a5volleyball.com,,a5volleyball.com (30+ national championship titles),email,Quick question about A5 Volleyball's registration setup,"Hi Gabe,

I came across A5 Volleyball while mapping top Volleyball programs in Southeast — impressive what you've built. I noticed you're handling registration and payments through a custom setup, which usually means you've outgrown what the off-the-shelf platforms offer.

We work with programs like yours to modernize payment collection — better parent UX, faster reconciliation, lower processing fees — without disrupting what's already working. No platform lock-in, no long-term contracts.

Would 15 minutes this week make sense? Happy to show you what it looks like for a program at A5 Volleyball's level.

Best,
[Your Name]
[Company] | [Phone]"
Volleyball,A5 Volleyball,a5volleyball.com,Custom (Sportwrench),1,DIY/Custom/Unknown — highest switching potential,40,350,Southeast,2,Research Required,Club Administrator,tom@a5volleyball.com,,a5volleyball.com/contact,linkedin,Quick question about A5 Volleyball's registration setup,Hi there — I came across A5 Volleyball while researching elite Volleyball programs in Southeast. Quick question: have you explored alternatives to your current payment/registration setup? We work with similar clubs and typically save them time and money without disrupting what's already working. Worth a quick 15-min chat?
Volleyball,Munciana Volleyball,munciana.com,Custom (register.munciana.com),1,DIY/Custom/Unknown — highest switching potential,40,350,Midwest,1,Mike Lingenfelter,Co-Director,info@munciana.com,linkedin.com/in/mike-lingenfelter-5a4a1348,munciana.com / LinkedIn,email,Quick question about Munciana Volleyball's registration setup,"Hi Mike,

I came across Munciana Volleyball while mapping top Volleyball programs in Midwest — impressive what you've built. I noticed you're handling registration and payments through a custom setup, which usually means you've outgrown what the off-the-shelf platforms offer.

We work with programs like yours to modernize payment collection — better parent UX, faster reconciliation, lower processing fees — without disrupting what's already working. No platform lock-in, no long-term contracts.

Would 15 minutes this week make sense? Happy to show you what it looks like for a program at Munciana Volleyball's level.

Best,
[Your Name]
[Company] | [Phone]"
Volleyball,Munciana Volleyball,munciana.com,Custom (register.munciana.com),1,DIY/Custom/Unknown — highest switching potential,40,350,Midwest,2,Research Required,Co-Director / Administrator,,,Visit munciana.com/contact (note: 3STEP Sports affiliation),linkedin,Quick question about Munciana Volleyball's registration setup,Hi there — I came across Munciana Volleyball while researching elite Volleyball programs in Midwest. Quick question: have you explored alternatives to your current payment/registration setup? We work with similar clubs and typically save them time and money without disrupting what's already working. Worth a quick 15-min chat?
Volleyball,Colorado Fusion VBC,coloradofusionvbc.com,LeagueApps,3,"Entrenched (LeagueApps) — low switching, but high volume",40,350,Mountain West,1,Research Required,Executive Director,info@coloradofusionvbc.com,,coloradofusionvbc.com,linkedin,A note for Colorado Fusion VBC on LeagueApps payment costs,Hi there — Colorado Fusion VBC is one of the top Volleyball programs in the country. I work with similar clubs on reducing payment processing costs and improving family payment experience. Would a quick 15-minute conversation make sense?
Volleyball,Colorado Fusion VBC,coloradofusionvbc.com,LeagueApps,3,"Entrenched (LeagueApps) — low switching, but high volume",40,350,Mountain West,2,Research Required,Club Administrator,,,Visit fusionvbc.leagueapps.com,linkedin,A note for Colorado Fusion VBC on LeagueApps payment costs,Hi there — Colorado Fusion VBC is one of the top Volleyball programs in the country. I work with similar clubs on reducing payment processing costs and improving family payment experience. Would a quick 15-minute conversation make sense?
Volleyball,Long Beach Volleyball Club,lbvc.net,SportsEngine,3,"Entrenched (SportsEngine) — low switching, but high volume",40,350,West,1,Research Required,Executive Director,info@lbvc.net,,lbvc.net,linkedin,Payment fees for Long Beach Volleyball Club on SportsEngine — worth a look,Hi there — Long Beach Volleyball Club is one of the top Volleyball programs in the country. I work with similar clubs on reducing payment processing costs and improving family payment experience. Would a quick 15-minute conversation make sense?
Volleyball,Long Beach Volleyball Club,lbvc.net,SportsEngine,3,"Entrenched (SportsEngine) — low switching, but high volume",40,350,West,2,Research Required,Club Administrator,,,Visit longbeachvbc.sportngin.com,linkedin,Payment fees for Long Beach Volleyball Club on SportsEngine — worth a look,Hi there — Long Beach Volleyball Club is one of the top Volleyball programs in the country. I work with similar clubs on reducing payment processing costs and improving family payment experience. Would a quick 15-minute conversation make sense?
Volleyball,Elevate Volleyball,elevatevolleyball.com,SportsEngine,3,"Entrenched (SportsEngine) — low switching, but high volume",40,350,Northwest,1,Research Required,Executive Director,info@elevatevolleyball.com,,elevatevolleyball.com,linkedin,Payment fees for Elevate Volleyball on SportsEngine — worth a look,Hi there — Elevate Volleyball is one of the top Volleyball programs in the country. I work with similar clubs on reducing payment processing costs and improving family payment experience. Would a quick 15-minute conversation make sense?
Volleyball,Elevate Volleyball,elevatevolleyball.com,SportsEngine,3,"Entrenched (SportsEngine) — low switching, but high volume",40,350,Northwest,2,Research Required,Club Administrator,,,Visit elevatevolleyball.sportngin.com,linkedin,Payment fees for Elevate Volleyball on SportsEngine — worth a look,Hi there — Elevate Volleyball is one of the top Volleyball programs in the country. I work with similar clubs on reducing payment processing costs and improving family payment experience. Would a quick 15-minute conversation make sense?
Volleyball,KIVA Volleyball,kivasports.net,Custom (register.kivasports.net),1,DIY/Custom/Unknown — highest switching potential,40,350,Midwest,1,Courtney Robison-Dixon,Director / Staff,courtney@kivasports.net,,kivasports.net,email,Quick question about KIVA Volleyball's registration setup,"Hi Courtney,

I came across KIVA Volleyball while mapping top Volleyball programs in Midwest — impressive what you've built. I noticed you're handling registration and payments through a custom setup, which usually means you've outgrown what the off-the-shelf platforms offer.

We work with programs like yours to modernize payment collection — better parent UX, faster reconciliation, lower processing fees — without disrupting what's already working. No platform lock-in, no long-term contracts.

Would 15 minutes this week make sense? Happy to show you what it looks like for a program at KIVA Volleyball's level.

Best,
[Your Name]
[Company] | [Phone]"
Volleyball,KIVA Volleyball,kivasports.net,Custom (register.kivasports.net),1,DIY/Custom/Unknown — highest switching potential,40,350,Midwest,2,Research Required,Club Administrator,maryann@kivasports.net,,kivasports.net/contact,linkedin,Quick question about KIVA Volleyball's registration setup,Hi there — I came across KIVA Volleyball while researching elite Volleyball programs in Midwest. Quick question: have you explored alternatives to your current payment/registration setup? We work with similar clubs and typically save them time and money without disrupting what's already working. Worth a quick 15-min chat?
Volleyball,Beverly Bandits VB,beverlybandits.org,Unknown / Custom,1,DIY/Custom/Unknown — highest switching potential,40,350,Midwest,1,Research Required,Director,,,NOTE: Beverly Bandits is primarily a softball org; no confirmed VB club,linkedin,Quick question about Beverly Bandits VB's registration setup,Hi there — I came across Beverly Bandits VB while researching elite Volleyball programs in Midwest. Quick question: have you explored alternatives to your current payment/registration setup? We work with similar clubs and typically save them time and money without disrupting what's already working. Worth a quick 15-min chat?
Volleyball,Beverly Bandits VB,beverlybandits.org,Unknown / Custom,1,DIY/Custom/Unknown — highest switching potential,40,350,Midwest,2,Research Required,Club Administrator,,,Manual research required,linkedin,Quick question about Beverly Bandits VB's registration setup,Hi there — I came across Beverly Bandits VB while researching elite Volleyball programs in Midwest. Quick question: have you explored alternatives to your current payment/registration setup? We work with similar clubs and typically save them time and money without disrupting what's already working. Worth a quick 15-min chat?
Volleyball,Club Gold Volleyball (TX),clubgoldvb.com,SportsEngine,3,"Entrenched (SportsEngine) — low switching, but high volume",40,350,South,1,Research Required,Executive Director,info@clubgoldvb.com,,clubgoldvb.com,linkedin,Payment fees for Club Gold Volleyball (TX) on SportsEngine — worth a look,Hi there — Club Gold Volleyball (TX) is one of the top Volleyball programs in the country. I work with similar clubs on reducing payment processing costs and improving family payment experience. Would a quick 15-minute conversation make sense?
Volleyball,Club Gold Volleyball (TX),clubgoldvb.com,SportsEngine,3,"Entrenched (SportsEngine) — low switching, but high volume",40,350,South,2,Research Required,Club Administrator,,,Visit clubgoldvb.sportngin.com,linkedin,Payment fees for Club Gold Volleyball (TX) on SportsEngine — worth a look,Hi there — Club Gold Volleyball (TX) is one of the top Volleyball programs in the country. I work with similar clubs on reducing payment processing costs and improving family payment experience. Would a quick 15-minute conversation make sense?
Volleyball,Sports Performance VBC,spvbc.net,SportsEngine,3,"Entrenched (SportsEngine) — low switching, but high volume",40,350,West,1,Research Required,Executive Director,info@spvbc.net,,spvbc.net (Sacramento Performance VBC),linkedin,Payment fees for Sports Performance VBC on SportsEngine — worth a look,Hi there — Sports Performance VBC is one of the top Volleyball programs in the country. I work with similar clubs on reducing payment processing costs and improving family payment experience. Would a quick 15-minute conversation make sense?
Volleyball,Sports Performance VBC,spvbc.net,SportsEngine,3,"Entrenched (SportsEngine) — low switching, but high volume",40,350,West,2,Research Required,Club Administrator,,,Visit sacperformancevb.sportngin.com,linkedin,Payment fees for Sports Performance VBC on SportsEngine — worth a look,Hi there — Sports Performance VBC is one of the top Volleyball programs in the country. I work with similar clubs on reducing payment processing costs and improving family payment experience. Would a quick 15-minute conversation make sense?
Volleyball,Crossroads of America VBC,coavolleyball.com,SportsEngine,3,"Entrenched (SportsEngine) — low switching, but high volume",40,350,Midwest,1,Research Required,Executive Director,info@coavolleyball.com,,coavolleyball.com,linkedin,Payment fees for Crossroads of America VBC on SportsEngine — worth a look,Hi there — Crossroads of America VBC is one of the top Volleyball programs in the country. I work with similar clubs on reducing payment processing costs and improving family payment experience. Would a quick 15-minute conversation make sense?
Volleyball,Crossroads of America VBC,coavolleyball.com,SportsEngine,3,"Entrenched (SportsEngine) — low switching, but high volume",40,350,Midwest,2,Research Required,Club Administrator,,,Visit coavolleyball.sportngin.com,linkedin,Payment fees for Crossroads of America VBC on SportsEngine — worth a look,Hi there — Crossroads of America VBC is one of the top Volleyball programs in the country. I work with similar clubs on reducing payment processing costs and improving family payment experience. Would a quick 15-minute conversation make sense?
Volleyball,Club K Volleyball,clubkvolleyball.com,Unknown / Custom,1,DIY/Custom/Unknown — highest switching potential,40,350,National,1,Research Required,Founder / Director,,,clubkvolleyball.com — research required,linkedin,Quick question about Club K Volleyball's registration setup,Hi there — I came across Club K Volleyball while researching elite Volleyball programs in National. Quick question: have you explored alternatives to your current payment/registration setup? We work with similar clubs and typically save them time and money without disrupting what's already working. Worth a quick 15-min chat?
Volleyball,Club K Volleyball,clubkvolleyball.com,Unknown / Custom,1,DIY/Custom/Unknown — highest switching potential,40,350,National,2,Research Required,Club Administrator,,,Manual research required,linkedin,Quick question about Club K Volleyball's registration setup,Hi there — I came across Club K Volleyball while researching elite Volleyball programs in National. Quick question: have you explored alternatives to your current payment/registration setup? We work with similar clubs and typically save them time and money without disrupting what's already working. Worth a quick 15-min chat?
Volleyball,Great Plains Region Volleyball,greatplainsvolleyball.org,SportsEngine,3,"Entrenched (SportsEngine) — low switching, but high volume",40,350,Midwest,1,Research Required,Executive Director,info@greatplainsvolleyball.org,,greatplainsvolleyball.org (Omaha NE regional governing body),linkedin,Payment fees for Great Plains Region Volleyball on SportsEngine — worth a look,Hi there — Great Plains Region Volleyball is one of the top Volleyball programs in the country. I work with similar clubs on reducing payment processing costs and improving family payment experience. Would a quick 15-minute conversation make sense?
Volleyball,Great Plains Region Volleyball,greatplainsvolleyball.org,SportsEngine,3,"Entrenched (SportsEngine) — low switching, but high volume",40,350,Midwest,2,Research Required,Club Administrator,,,Visit greatplainsregionalvolleyball.sportngin.com,linkedin,Payment fees for Great Plains Region Volleyball on SportsEngine — worth a look,Hi there — Great Plains Region Volleyball is one of the top Volleyball programs in the country. I work with similar clubs on reducing payment processing costs and improving family payment experience. Would a quick 15-minute conversation make sense?
Volleyball,Illinois Valley Juniors VBC,ivjvbc.com,SportsEngine,3,"Entrenched (SportsEngine) — low switching, but high volume",40,350,Midwest,1,Research Required,Executive Director,info@ivjvbc.com,,ivjvbc.com,linkedin,Payment fees for Illinois Valley Juniors VBC on SportsEngine — worth a look,Hi there — Illinois Valley Juniors VBC is one of the top Volleyball programs in the country. I work with similar clubs on reducing payment processing costs and improving family payment experience. Would a quick 15-minute conversation make sense?
Volleyball,Illinois Valley Juniors VBC,ivjvbc.com,SportsEngine,3,"Entrenched (SportsEngine) — low switching, but high volume",40,350,Midwest,2,Research Required,Club Administrator,,,Visit illinoisjuniors.sportngin.com,linkedin,Payment fees for Illinois Valley Juniors VBC on SportsEngine — worth a look,Hi there — Illinois Valley Juniors VBC is one of the top Volleyball programs in the country. I work with similar clubs on reducing payment processing costs and improving family payment experience. Would a quick 15-minute conversation make sense?
Volleyball,NOVA Volleyball,novavbc.com,SportsEngine,3,"Entrenched (SportsEngine) — low switching, but high volume",40,350,Mid-Atlantic,1,Research Required,Executive Director,info@novavbc.com,,novavbc.com (Northern Virginia),linkedin,Payment fees for NOVA Volleyball on SportsEngine — worth a look,Hi there — NOVA Volleyball is one of the top Volleyball programs in the country. I work with similar clubs on reducing payment processing costs and improving family payment experience. Would a quick 15-minute conversation make sense?
Volleyball,NOVA Volleyball,novavbc.com,SportsEngine,3,"Entrenched (SportsEngine) — low switching, but high volume",40,350,Mid-Atlantic,2,Research Required,Club Administrator,,,Visit novaprestigevolleyball.sportngin.com,linkedin,Payment fees for NOVA Volleyball on SportsEngine — worth a look,Hi there — NOVA Volleyball is one of the top Volleyball programs in the country. I work with similar clubs on reducing payment processing costs and improving family payment experience. Would a quick 15-minute conversation make sense?
Volleyball,Rox Volleyball,roxvb.com,Custom (Shopify),1,DIY/Custom/Unknown — highest switching potential,40,350,National,1,Research Required,Founder / Director,,,roxvb.com (Shopify-based custom platform),linkedin,Quick question about Rox Volleyball's registration setup,Hi there — I came across Rox Volleyball while researching elite Volleyball programs in National. Quick question: have you explored alternatives to your current payment/registration setup? We work with similar clubs and typically save them time and money without disrupting what's already working. Worth a quick 15-min chat?
Volleyball,Rox Volleyball,roxvb.com,Custom (Shopify),1,DIY/Custom/Unknown — highest switching potential,40,350,National,2,Research Required,Club Administrator,,,Visit roxvb.com/contact,linkedin,Quick question about Rox Volleyball's registration setup,Hi there — I came across Rox Volleyball while researching elite Volleyball programs in National. Quick question: have you explored alternatives to your current payment/registration setup? We work with similar clubs and typically save them time and money without disrupting what's already working. Worth a quick 15-min chat?
Softball,Texas Bombers Gold,texasbombers.com,Ryzer,3,"Entrenched (Ryzer) — low switching, but high volume",50,400,South,1,Research Required,Director / Founder,info@texasbombers.com,,texasbombers.com (Gold 18U/16U uses Ryzer),linkedin,Payment optimization question for Texas Bombers Gold,Hi there — Texas Bombers Gold is one of the top Softball programs in the country. I work with similar clubs on reducing payment processing costs and improving family payment experience. Would a quick 15-minute conversation make sense?
Softball,Texas Bombers Gold,texasbombers.com,Ryzer,3,"Entrenched (Ryzer) — low switching, but high volume",50,400,South,2,Research Required,Club Administrator,,,Visit register.ryzer.com (Texas Bombers),linkedin,Payment optimization question for Texas Bombers Gold,Hi there — Texas Bombers Gold is one of the top Softball programs in the country. I work with similar clubs on reducing payment processing costs and improving family payment experience. Would a quick 15-minute conversation make sense?
Softball,Georgia Impact,georgiaimpact.com,SportsEngine,3,"Entrenched (SportsEngine) — low switching, but high volume",50,400,Southeast,1,Research Required,Executive Director,info@georgiaimpact.com,,georgiaimpact.com,linkedin,Payment fees for Georgia Impact on SportsEngine — worth a look,Hi there — Georgia Impact is one of the top Softball programs in the country. I work with similar clubs on reducing payment processing costs and improving family payment experience. Would a quick 15-minute conversation make sense?
Softball,Georgia Impact,georgiaimpact.com,SportsEngine,3,"Entrenched (SportsEngine) — low switching, but high volume",50,400,Southeast,2,Research Required,Club Administrator,,,Visit georgiaimpact.sportngin.com,linkedin,Payment fees for Georgia Impact on SportsEngine — worth a look,Hi there — Georgia Impact is one of the top Softball programs in the country. I work with similar clubs on reducing payment processing costs and improving family payment experience. Would a quick 15-minute conversation make sense?
Softball,Beverly Bandits Softball,beverlybandits.org,SportsEngine,3,"Entrenched (SportsEngine) — low switching, but high volume",50,400,Midwest,1,Bill Conroy,Founder / Program Director,info@thebeverlybandits.com,,thebeverlybandits.com (founded 1995/1999 travel),email,Payment fees for Beverly Bandits Softball on SportsEngine — worth a look,"Hi Bill,

Beverly Bandits Softball's reputation in Softball speaks for itself. I'm reaching out because clubs your size on SportsEngine typically absorb 2.9–3.5% on every transaction in processing fees — we've helped similar programs cut that meaningfully while keeping the registration experience families already know.

Would a 15-minute call be worth it to see the numbers?

Best,
[Your Name]
[Company] | [Phone]"
Softball,Beverly Bandits Softball,beverlybandits.org,SportsEngine,3,"Entrenched (SportsEngine) — low switching, but high volume",50,400,Midwest,2,Research Required,Club Administrator,,,Visit thebeverlybandits.com/contact-us/,linkedin,Payment fees for Beverly Bandits Softball on SportsEngine — worth a look,Hi there — Beverly Bandits Softball is one of the top Softball programs in the country. I work with similar clubs on reducing payment processing costs and improving family payment experience. Would a quick 15-minute conversation make sense?
Softball,Texas Glory,texasglory.com,SportsEngine,3,"Entrenched (SportsEngine) — low switching, but high volume",50,400,South,1,Research Required,Executive Director,info@texasglory.com,,texasglory.com,linkedin,Payment fees for Texas Glory on SportsEngine — worth a look,Hi there — Texas Glory is one of the top Softball programs in the country. I work with similar clubs on reducing payment processing costs and improving family payment experience. Would a quick 15-minute conversation make sense?
Softball,Texas Glory,texasglory.com,SportsEngine,3,"Entrenched (SportsEngine) — low switching, but high volume",50,400,South,2,Research Required,Club Administrator,,,Visit txglory.sportngin.com,linkedin,Payment fees for Texas Glory on SportsEngine — worth a look,Hi there — Texas Glory is one of the top Softball programs in the country. I work with similar clubs on reducing payment processing costs and improving family payment experience. Would a quick 15-minute conversation make sense?
Softball,Firecrackers Softball,firecrackersoftball.com,SportsEngine,3,"Entrenched (SportsEngine) — low switching, but high volume",50,400,West,1,Research Required,National Director / Founder,info@firecrackersoftball.com,,"firecrackersoftball.com (national brand, multiple chapters)",linkedin,Payment fees for Firecrackers Softball on SportsEngine — worth a look,Hi there — Firecrackers Softball is one of the top Softball programs in the country. I work with similar clubs on reducing payment processing costs and improving family payment experience. Would a quick 15-minute conversation make sense?
Softball,Firecrackers Softball,firecrackersoftball.com,SportsEngine,3,"Entrenched (SportsEngine) — low switching, but high volume",50,400,West,2,Research Required,Club Administrator,,,Visit firecrackersoftball.sportngin.com,linkedin,Payment fees for Firecrackers Softball on SportsEngine — worth a look,Hi there — Firecrackers Softball is one of the top Softball programs in the country. I work with similar clubs on reducing payment processing costs and improving family payment experience. Would a quick 15-minute conversation make sense?
Softball,East Cobb Bullets,eastcobbbullets.com,SportsEngine,3,"Entrenched (SportsEngine) — low switching, but high volume",50,400,Southeast,1,Research Required,Executive Director,info@eastcobbbullets.com,,eastcobbbullets.com,linkedin,Payment fees for East Cobb Bullets on SportsEngine — worth a look,Hi there — East Cobb Bullets is one of the top Softball programs in the country. I work with similar clubs on reducing payment processing costs and improving family payment experience. Would a quick 15-minute conversation make sense?
Softball,East Cobb Bullets,eastcobbbullets.com,SportsEngine,3,"Entrenched (SportsEngine) — low switching, but high volume",50,400,Southeast,2,Research Required,Club Administrator,,,Visit eastcobbbullets.sportngin.com,linkedin,Payment fees for East Cobb Bullets on SportsEngine — worth a look,Hi there — East Cobb Bullets is one of the top Softball programs in the country. I work with similar clubs on reducing payment processing costs and improving family payment experience. Would a quick 15-minute conversation make sense?
Softball,Corona Angels,coronaangels.com,SportsEngine,3,"Entrenched (SportsEngine) — low switching, but high volume",50,400,West,1,Research Required,Founder / Director,info@coronaangels.com,,coronaangels.com (SoCal PGF-affiliated),linkedin,Payment fees for Corona Angels on SportsEngine — worth a look,Hi there — Corona Angels is one of the top Softball programs in the country. I work with similar clubs on reducing payment processing costs and improving family payment experience. Would a quick 15-minute conversation make sense?
Softball,Corona Angels,coronaangels.com,SportsEngine,3,"Entrenched (SportsEngine) — low switching, but high volume",50,400,West,2,Research Required,Club Administrator,,,Visit coronaangels.sportngin.com,linkedin,Payment fees for Corona Angels on SportsEngine — worth a look,Hi there — Corona Angels is one of the top Softball programs in the country. I work with similar clubs on reducing payment processing costs and improving family payment experience. Would a quick 15-minute conversation make sense?
Softball,OC Batbusters,ocbatbusters.com,Unknown / Custom,1,DIY/Custom/Unknown — highest switching potential,50,400,West,1,Joe Grubbs,Founder / Director,ocbathletics@gmail.com,,"ocbatbusters.com (founded 1979, 30+ national championships)",email,Quick question about OC Batbusters's registration setup,"Hi Joe,

I came across OC Batbusters while mapping top Softball programs in West — impressive what you've built. I noticed you're handling registration and payments through a custom setup, which usually means you've outgrown what the off-the-shelf platforms offer.

We work with programs like yours to modernize payment collection — better parent UX, faster reconciliation, lower processing fees — without disrupting what's already working. No platform lock-in, no long-term contracts.

Would 15 minutes this week make sense? Happy to show you what it looks like for a program at OC Batbusters's level.

Best,
[Your Name]
[Company] | [Phone]"
Softball,OC Batbusters,ocbatbusters.com,Unknown / Custom,1,DIY/Custom/Unknown — highest switching potential,50,400,West,2,Research Required,Club Administrator,,,Visit ocbatbusters.com/contact,linkedin,Quick question about OC Batbusters's registration setup,Hi there — I came across OC Batbusters while researching elite Softball programs in West. Quick question: have you explored alternatives to your current payment/registration setup? We work with similar clubs and typically save them time and money without disrupting what's already working. Worth a quick 15-min chat?
Softball,Carolina Chaos Softball,carolinachaos.org,Unknown / Custom,1,DIY/Custom/Unknown — highest switching potential,50,400,Southeast,1,Research Required,Founder / Director,,,carolinachaos.org — platform/contact unconfirmed,linkedin,Quick question about Carolina Chaos Softball's registration setup,Hi there — I came across Carolina Chaos Softball while researching elite Softball programs in Southeast. Quick question: have you explored alternatives to your current payment/registration setup? We work with similar clubs and typically save them time and money without disrupting what's already working. Worth a quick 15-min chat?
Softball,Carolina Chaos Softball,carolinachaos.org,Unknown / Custom,1,DIY/Custom/Unknown — highest switching potential,50,400,Southeast,2,Research Required,Club Administrator,,,Manual research required,linkedin,Quick question about Carolina Chaos Softball's registration setup,Hi there — I came across Carolina Chaos Softball while researching elite Softball programs in Southeast. Quick question: have you explored alternatives to your current payment/registration setup? We work with similar clubs and typically save them time and money without disrupting what's already working. Worth a quick 15-min chat?
Softball,Ohio Outlaws Fastpitch,ohiooutlaws.com,Unknown / Custom,1,DIY/Custom/Unknown — highest switching potential,50,400,Midwest,1,Research Required,Founder / Director,,,ohiooutlaws.com — platform/contact unconfirmed,linkedin,Quick question about Ohio Outlaws Fastpitch's registration setup,Hi there — I came across Ohio Outlaws Fastpitch while researching elite Softball programs in Midwest. Quick question: have you explored alternatives to your current payment/registration setup? We work with similar clubs and typically save them time and money without disrupting what's already working. Worth a quick 15-min chat?
Softball,Ohio Outlaws Fastpitch,ohiooutlaws.com,Unknown / Custom,1,DIY/Custom/Unknown — highest switching potential,50,400,Midwest,2,Research Required,Club Administrator,,,Manual research required,linkedin,Quick question about Ohio Outlaws Fastpitch's registration setup,Hi there — I came across Ohio Outlaws Fastpitch while researching elite Softball programs in Midwest. Quick question: have you explored alternatives to your current payment/registration setup? We work with similar clubs and typically save them time and money without disrupting what's already working. Worth a quick 15-min chat?
Swimming,PASA (Palo Alto Stanford Aquatics),pausd.org/pasa,SportsEngine,3,"Entrenched (SportsEngine) — low switching, but high volume",60,450,West,1,Research Required,Executive Director,info@pausd.org,,"pasa.sportngin.com (nationally elite, multiple Olympians)",linkedin,Payment fees for PASA (Palo Alto Stanford Aquatics) on SportsEngine — worth a look,Hi there — PASA (Palo Alto Stanford Aquatics) is one of the top Swimming programs in the country. I work with similar clubs on reducing payment processing costs and improving family payment experience. Would a quick 15-minute conversation make sense?
Swimming,PASA (Palo Alto Stanford Aquatics),pausd.org/pasa,SportsEngine,3,"Entrenched (SportsEngine) — low switching, but high volume",60,450,West,2,Research Required,Head Coach / Program Director,,,Visit pasa.sportngin.com,linkedin,Payment fees for PASA (Palo Alto Stanford Aquatics) on SportsEngine — worth a look,Hi there — PASA (Palo Alto Stanford Aquatics) is one of the top Swimming programs in the country. I work with similar clubs on reducing payment processing costs and improving family payment experience. Would a quick 15-minute conversation make sense?
Swimming,Nation's Capital Swim Club (NCAP),ncapswim.com,TeamUnify,3,"Entrenched (TeamUnify) — low switching, but high volume",60,450,Mid-Atlantic,1,Research Required,Executive Director,info@ncapswim.com,,ncapswim.com (TeamUnify/GoMotion platform),linkedin,Payment modernization for Nation's Capital Swim Club (NCAP) on TeamUnify / GoMotion,Hi there — Nation's Capital Swim Club (NCAP) is one of the top Swimming programs in the country. I work with similar clubs on reducing payment processing costs and improving family payment experience. Would a quick 15-minute conversation make sense?
Swimming,Nation's Capital Swim Club (NCAP),ncapswim.com,TeamUnify,3,"Entrenched (TeamUnify) — low switching, but high volume",60,450,Mid-Atlantic,2,Research Required,Head Coach,,,Visit gomotionapp.com/team/pvncs,linkedin,Payment modernization for Nation's Capital Swim Club (NCAP) on TeamUnify / GoMotion,Hi there — Nation's Capital Swim Club (NCAP) is one of the top Swimming programs in the country. I work with similar clubs on reducing payment processing costs and improving family payment experience. Would a quick 15-minute conversation make sense?
Swimming,Badger Swim Club,badgerswimsport.com,TeamUnify,3,"Entrenched (TeamUnify) — low switching, but high volume",60,450,Midwest,1,Research Required,Executive Director,info@badgerswimsport.com,,badgerswimsport.com (TeamUnify/GoMotion),linkedin,Payment modernization for Badger Swim Club on TeamUnify / GoMotion,Hi there — Badger Swim Club is one of the top Swimming programs in the country. I work with similar clubs on reducing payment processing costs and improving family payment experience. Would a quick 15-minute conversation make sense?
Swimming,Badger Swim Club,badgerswimsport.com,TeamUnify,3,"Entrenched (TeamUnify) — low switching, but high volume",60,450,Midwest,2,Research Required,Head Coach,,,Visit gomotionapp.com/team/mrbsc,linkedin,Payment modernization for Badger Swim Club on TeamUnify / GoMotion,Hi there — Badger Swim Club is one of the top Swimming programs in the country. I work with similar clubs on reducing payment processing costs and improving family payment experience. Would a quick 15-minute conversation make sense?
Swimming,Mission Viejo Nadadores,mvnadadores.org,TeamUnify,3,"Entrenched (TeamUnify) — low switching, but high volume",60,450,West,1,Research Required,Executive Director,info@mvnadadores.org,,"mvnadadores.org (Olympic-level club, TeamUnify)",linkedin,Payment modernization for Mission Viejo Nadadores on TeamUnify / GoMotion,Hi there — Mission Viejo Nadadores is one of the top Swimming programs in the country. I work with similar clubs on reducing payment processing costs and improving family payment experience. Would a quick 15-minute conversation make sense?
Swimming,Mission Viejo Nadadores,mvnadadores.org,TeamUnify,3,"Entrenched (TeamUnify) — low switching, but high volume",60,450,West,2,Research Required,Head Coach,,,Visit gomotionapp.com/team/scmvnm,linkedin,Payment modernization for Mission Viejo Nadadores on TeamUnify / GoMotion,Hi there — Mission Viejo Nadadores is one of the top Swimming programs in the country. I work with similar clubs on reducing payment processing costs and improving family payment experience. Would a quick 15-minute conversation make sense?
Swimming,Phoenix Swim Club,phoenixswimclub.org,TeamUnify (SportsEngine Motion),3,"Entrenched (SportsEngine) — low switching, but high volume",60,450,Southwest,1,Research Required,Executive Director,info@phoenixswimclub.org,,phoenixswimclub.org (TeamUnify/SportsEngine Motion),linkedin,Payment fees for Phoenix Swim Club on SportsEngine — worth a look,Hi there — Phoenix Swim Club is one of the top Swimming programs in the country. I work with similar clubs on reducing payment processing costs and improving family payment experience. Would a quick 15-minute conversation make sense?
Swimming,Phoenix Swim Club,phoenixswimclub.org,TeamUnify (SportsEngine Motion),3,"Entrenched (SportsEngine) — low switching, but high volume",60,450,Southwest,2,Research Required,Head Coach,,,Visit gomotionapp.com/team/azbest,linkedin,Payment fees for Phoenix Swim Club on SportsEngine — worth a look,Hi there — Phoenix Swim Club is one of the top Swimming programs in the country. I work with similar clubs on reducing payment processing costs and improving family payment experience. Would a quick 15-minute conversation make sense?
